region,operation,status,resource,message
us-east-1,get_metric_data,partial,mf36397ce8472c9bace0a140f,"Status: ['Complete', 'PartialData']. []"
us-east-1,get_metric_data,partial,m9581c6196b32dc0440af8031,"Status: ['Complete', 'PartialData']. []"
us-east-1,get_metric_data,partial,m5bb6cbda3bc534fcaf4e1474,"Status: ['Complete', 'PartialData']. []"
us-east-1,get_metric_data,partial,m6ae41864f930927280735578,"Status: ['Complete', 'PartialData']. []"
us-east-1,get_metric_data,partial,m7dbde01fec6379a764dfa612,"Status: ['Complete', 'PartialData']. []"
us-east-1,get_metric_data,partial,mbcdb3809ace395c567d9be34,"Status: ['Complete', 'PartialData']. []"
us-east-1,get_metric_data,partial,m37e00f1ba2dbf554fe1641e4,"Status: ['Complete', 'PartialData']. []"
us-east-1,get_metric_data,partial,m11a15d1dea0a05e799389ff3,"Status: ['Complete', 'PartialData']. []"
us-east-1,get_metric_data,partial,mda9becbc3a29c0a5b59d5aed,"Status: ['Complete', 'PartialData']. []"
us-east-1,get_metric_data,partial,m0cb6377945d475e5a286da6a,"Status: ['Complete', 'PartialData']. []"
us-east-1,get_metric_data,partial,mc27f9c83abb457e7abef935b,"Status: ['Complete', 'PartialData']. []"
us-east-1,get_metric_data,partial,m8d4963498c5073667e01b677,"Status: ['Complete', 'PartialData']. []"
us-east-1,get_metric_data,partial,m0b5dc351434a56ad577234dd,"Status: ['Complete', 'PartialData']. []"
us-east-1,get_metric_data,partial,m1b91eecc387612f18a4c5a26,"Status: ['Complete', 'PartialData']. []"
us-east-1,get_metric_data,partial,m49f69a1fd26511238f4634f2,"Status: ['Complete', 'PartialData']. []"
us-east-1,get_metric_data,partial,m1a5b46bad030f0b5a36cef72,"Status: ['Complete', 'PartialData']. []"
us-east-1,get_metric_data,partial,m6991bb1962349e035059df1a,"Status: ['Complete', 'PartialData']. []"
us-east-1,get_metric_data,partial,m8aad32227bd8e39be79d6b9f,"Status: ['Complete', 'PartialData']. []"
us-east-1,get_metric_data,partial,m95bb4d5bd8fbfd591a09a663,"Status: ['Complete', 'PartialData']. []"
us-east-1,get_metric_data,partial,m1c34dacb72e28bb2c9f2dbd9,"Status: ['Complete', 'PartialData']. []"
us-east-1,get_metric_data,partial,m4b3822706f586c89bf7555b5,"Status: ['Complete', 'PartialData']. []"
us-east-1,get_metric_data,partial,m2286c933e81be4575e04bf7a,"Status: ['Complete', 'PartialData']. []"
us-east-1,get_metric_data,partial,m96257acf61545b319a7e47a9,"Status: ['Complete', 'PartialData']. []"
us-east-1,get_metric_data,partial,m326cb490313d1089df7a021b,"Status: ['Complete', 'PartialData']. []"
us-east-1,get_metric_data,partial,m9b8f66a71c4292b636ffb11a,"Status: ['Complete', 'PartialData']. []"
us-east-1,get_metric_data,partial,m90b944906ab58455ad08ff27,"Status: ['Complete', 'PartialData']. []"
us-east-1,get_metric_data,partial,m63d8ca30c8f53e8f221a5445,"Status: ['Complete', 'PartialData']. []"
us-east-1,get_metric_data,partial,m9ecffb888368caea1c16c778,"Status: ['Complete', 'PartialData']. []"
us-east-1,get_metric_data,partial,m70fe0b4c16967936ec7fb4be,"Status: ['Complete', 'PartialData']. []"
us-east-1,get_metric_data,partial,m9b902b9fbaa266a7b13f51a0,"Status: ['Complete', 'PartialData']. []"
us-east-1,get_metric_data,partial,m474f5e2c3d77ad5ee5f0a941,"Status: ['Complete', 'PartialData']. []"
us-east-1,get_metric_data,partial,m8bcfaff8965e6ecd531f0bfa,"Status: ['Complete', 'PartialData']. []"
us-east-1,get_metric_data,partial,m2e3e971fbfc4ad8386d49a11,"Status: ['Complete', 'PartialData']. []"
us-east-1,get_metric_data,partial,mb5e08a4b7773ae9e511f9c4f,"Status: ['Complete', 'PartialData']. []"
us-east-1,get_metric_data,partial,m92dce944d17061e39b4af313,"Status: ['Complete', 'PartialData']. []"
us-east-1,get_metric_data,partial,m156476c79b613a555206cefa,"Status: ['Complete', 'PartialData']. []"
us-east-1,get_metric_data,partial,ma2e6edc20b84c644b6664ec6,"Status: ['Complete', 'PartialData']. []"
us-east-1,get_metric_data,partial,m6951d4594dbb593b475f3364,"Status: ['Complete', 'PartialData']. []"
us-east-1,get_metric_data,partial,mc88c48a83ad0302c7210a5eb,"Status: ['Complete', 'PartialData']. []"
us-east-1,get_metric_data,partial,m89c0033a7656bb1dca926035,"Status: ['Complete', 'PartialData']. []"
us-east-1,get_metric_data,partial,md60fe83909d2e5ac86195bb4,"Status: ['Complete', 'PartialData']. []"
us-east-1,get_metric_data,partial,m441fabac3fa88b09baa0ff64,"Status: ['Complete', 'PartialData']. []"
us-east-1,get_metric_data,partial,m3017daa9c74bfe9895dd07f3,"Status: ['Complete', 'PartialData']. []"
us-east-1,get_metric_data,partial,me4615a1530caff76b84b3fe6,"Status: ['Complete', 'PartialData']. []"
us-east-1,get_metric_data,partial,m228526b182a17f8d8edc250e,"Status: ['Complete', 'PartialData']. []"
us-east-1,get_metric_data,partial,mb1faf45d07ee3d8e5cae7ec8,"Status: ['Complete', 'PartialData']. []"
us-east-1,get_metric_data,error,m088930bd9c17bb735c84fccb,"Status: ['Complete', 'PartialData']. []"
us-east-1,get_metric_data,error,mfc455128b28942ba7ce00662,"Status: ['Complete', 'PartialData']. []"
us-east-1,get_metric_data,error,m220c8a580e813af6464e4a12,"Status: ['Complete', 'PartialData']. []"
us-east-1,get_metric_data,error,mac073546b9c449309dc52b4c,"Status: ['Complete', 'PartialData']. []"
us-east-1,get_metric_data,error,med5a3a64bdd4a5ed1c0b464f,"Status: ['Complete', 'PartialData']. []"
us-east-1,get_metric_data,error,md23f70311c648104b7d2c35a,"Status: ['Complete', 'PartialData']. []"
us-east-1,get_metric_data,error,m90eef50fcacfdeb40d4998b1,"Status: ['Complete', 'PartialData']. []"
us-east-1,get_metric_data,error,m58f01c94d4c9da2e5c3e4201,"Status: ['Complete', 'PartialData']. []"
us-east-1,get_metric_data,error,m9df40e349023ff8d7e1313bc,"Status: ['Complete', 'PartialData']. []"
us-east-1,get_metric_data,error,maab114e21441fa1e923ee25c,"Status: ['Complete', 'PartialData']. []"
us-east-1,get_metric_data,error,m892ad91ee5c8c4b7c1a2e1eb,"Status: ['Complete', 'PartialData']. []"
us-east-1,get_metric_data,error,m0bc77cbcfac4d60276e322b5,"Status: ['Complete', 'PartialData']. []"
us-east-1,get_metric_data,error,m436c6515ce7c84c2466953fb,"Status: ['Complete', 'PartialData']. []"
us-east-1,get_metric_data,error,me3e0521337364301ed63940b,"Status: ['Complete', 'PartialData']. []"
us-east-1,get_metric_data,error,ma5eec95145ee204b7d669fc3,"Status: ['Complete', 'PartialData']. []"
us-east-1,get_metric_data,error,m09b1362a86bf6d62c8ed3d6a,"Status: ['Complete', 'PartialData']. []"
us-east-1,get_metric_data,error,m810a1027e44cb2299e0eb3e5,"Status: ['Complete', 'PartialData']. []"
us-east-1,get_metric_data,error,m62546d4d00ad8aeeb8c9933d,"Status: ['Complete', 'PartialData']. []"
us-east-1,get_metric_data,error,m20b0a68ca1ae5cdf82335262,"Status: ['Complete', 'PartialData']. []"
us-east-1,get_metric_data,error,m3b49ebce6fa03b973927050d,"Status: ['Complete', 'PartialData']. []"
us-east-1,get_metric_data,error,m415d63cbd2aeda9faec543ba,"Status: ['Complete', 'PartialData']. []"
us-east-1,get_metric_data,error,m0e080e6abec91a7de35cf983,"Status: ['Complete', 'PartialData']. []"
us-east-1,get_metric_data,error,m8972de97c0c70b3b2c187222,"Status: ['Complete', 'PartialData']. []"
us-east-1,get_metric_data,error,md9921c855dc48f5837e6b194,"Status: ['Complete', 'PartialData']. []"
us-east-1,get_metric_data,error,m4a1b9c04c202e59af7d8c5a8,"Status: ['Complete', 'PartialData']. []"
us-east-1,get_metric_data,error,mcfa17467906b0d5af46cd9c9,"Status: ['Complete', 'PartialData']. []"
us-east-1,get_metric_data,partial,m389d4128c99e08511cd01aa9,"Status: ['Complete', 'PartialData']. []"
us-east-1,get_metric_data,error,md38b09d85c719622f4c608d2,"Status: ['Complete', 'PartialData']. []"
us-east-1,get_metric_data,error,m7b2d0d617579c3f067b399e1,"Status: ['Complete', 'PartialData']. []"
us-east-1,get_metric_data,error,m1ec2b69d00b71952d2a6dd6b,"Status: ['Complete', 'PartialData']. []"
us-east-1,get_metric_data,error,mf7ed61ee308863dff4961c11,"Status: ['Complete', 'PartialData']. []"
us-east-1,get_metric_data,partial,m392796f7ff860d12b034f3f8,"Status: ['Complete', 'PartialData']. []"
us-east-1,get_metric_data,error,mef89ca650fb05fa661237780,"Status: ['Complete', 'PartialData']. []"
us-east-1,get_metric_data,error,m54a5fae5d4c4af01963c8b7c,"Status: ['Complete', 'PartialData']. []"
us-east-1,get_metric_data,error,mfe99129b2802edc5b3dd975a,"Status: ['Complete', 'PartialData']. []"
us-east-1,get_metric_data,error,m364d44cbb32235cde4184164,"Status: ['Complete', 'PartialData']. []"
us-east-1,get_metric_data,error,m6f986a7a04f3afbabddbfda1,"Status: ['Complete', 'PartialData']. []"
us-east-1,get_metric_data,error,m1adae8130d547c9357be7b7c,"Status: ['Complete', 'PartialData']. []"
us-east-1,get_metric_data,error,m6b9b9a2a6c2983830d1049a3,"Status: ['Complete', 'PartialData']. []"
us-east-1,get_metric_data,error,mde74193c51fa3f3c6d9172be,"Status: ['Complete', 'PartialData']. []"
us-east-1,get_metric_data,error,m31e0435f5e2e3f12fc5e56ea,"Status: ['Complete', 'PartialData']. []"
us-east-1,get_metric_data,error,m1bd5a772b4cbf6b717ddacaf,"Status: ['Complete', 'PartialData']. []"
us-east-1,get_metric_data,error,mff630f6e3f7c999983e86566,"Status: ['Complete', 'PartialData']. []"
us-east-1,get_metric_data,error,mce903dbeaac054359209a56f,"Status: ['Complete', 'PartialData']. []"
us-east-1,get_metric_data,error,mff8b0e10e997e4679264ed04,"Status: ['Complete', 'PartialData']. []"
us-east-1,get_metric_data,error,m758fda244d7cbea26410d5f8,"Status: ['Complete', 'PartialData']. []"
us-east-1,get_metric_data,error,mccab866815223f4c45f867e8,"Status: ['Complete', 'PartialData']. []"
us-east-1,get_metric_data,error,m22057f5082bdae59f936652d,"Status: ['Complete', 'PartialData']. []"
us-east-1,get_metric_data,error,md7c6e892af2e1abb43afc4c5,"Status: ['Complete', 'PartialData']. []"
us-east-1,get_metric_data,error,m52c1b36d135927e2187ff3e7,"Status: ['Complete', 'PartialData']. []"
us-east-1,get_metric_data,error,m40a46c10e604a5bad10f1590,"Status: ['Complete', 'PartialData']. []"
us-east-1,get_metric_data,error,m4fb0da312e1357ff35ecf3b8,"Status: ['Complete', 'PartialData']. []"
us-east-1,get_metric_data,error,mcfe25c9a90bb9df0e5d573fa,"Status: ['Complete', 'PartialData']. []"
us-east-1,get_metric_data,error,m39c7355e7e23ec04b1b98e31,"Status: ['Complete', 'PartialData']. []"
us-east-1,get_metric_data,error,md3f694bc0a45dd8b90b98e1c,"Status: ['Complete', 'PartialData']. []"
us-east-1,get_metric_data,error,m2633193ff1cd02f9fbb01077,"Status: ['Complete', 'PartialData']. []"
us-east-1,get_metric_data,error,m5850a474d01f0859f99a15f2,"Status: ['Complete', 'PartialData']. []"
us-east-1,get_metric_data,error,m72ec09b7416932d71947f170,"Status: ['Complete', 'PartialData']. []"
us-east-1,get_metric_data,error,ma61fed05dcefd98af1065780,"Status: ['Complete', 'PartialData']. []"
us-east-1,get_metric_data,error,m97f6d6498646e49c3c13a503,"Status: ['Complete', 'PartialData']. []"
us-east-1,get_metric_data,error,m95399fd9422a86d324961123,"Status: ['Complete', 'PartialData']. []"
us-east-1,get_metric_data,error,m831325688805c88e53a413a9,"Status: ['Complete', 'PartialData']. []"
us-east-1,get_metric_data,error,m2cbb7d24c685d370acf81325,"Status: ['Complete', 'PartialData']. []"
us-east-1,get_metric_data,error,mf01db8fff79d2636debedbc3,"Status: ['Complete', 'PartialData']. []"
us-east-1,get_metric_data,error,m0b5a2e774e60ad23e8930a5d,"Status: ['Complete', 'PartialData']. []"
us-east-1,get_metric_data,error,m15394c360aaa9694512a88a4,"Status: ['Complete', 'PartialData']. []"
us-east-1,get_metric_data,error,m9f257c32546697c1a0d524ec,"Status: ['Complete', 'PartialData']. []"
us-east-1,get_metric_data,error,md70e1442c44915a35d06831e,"Status: ['Complete', 'PartialData']. []"
us-east-1,get_metric_data,error,mf26ed5477bccefe08b076ea5,"Status: ['Complete', 'PartialData']. []"
us-east-1,get_metric_data,error,m76af90eced838afaf4d8a92b,"Status: ['Complete', 'PartialData']. []"
us-east-1,get_metric_data,error,m969dcf33a726e12a0aa4cbc2,"Status: ['Complete', 'PartialData']. []"
us-east-1,get_metric_data,error,mf3a8063e9a906f2ed2456d3e,"Status: ['Complete', 'PartialData']. []"
us-east-1,get_metric_data,error,mc9b73b8f8cbf175f38912227,"Status: ['Complete', 'PartialData']. []"
us-east-1,get_metric_data,error,m437f6e3ef1a68a112d0a1e59,"Status: ['Complete', 'PartialData']. []"
us-east-1,get_metric_data,error,m075af42ff9adf63985765de7,"Status: ['Complete', 'PartialData']. []"
us-east-1,get_metric_data,error,m2021c573cbbff21efabf265c,"Status: ['Complete', 'PartialData']. []"
us-east-1,get_metric_data,error,m6addc6fba82da4fbc186f937,"Status: ['Complete', 'PartialData']. []"
us-east-1,get_metric_data,error,mf650b97a592570f4b9c01c86,"Status: ['Complete', 'PartialData']. []"
us-east-1,get_metric_data,error,m92238ef08ff904dd33f690f7,"Status: ['Complete', 'PartialData']. []"
us-east-1,get_metric_data,error,m92aa7a035a5d6333008e3264,"Status: ['Complete', 'PartialData']. []"
us-east-1,get_metric_data,error,m948d35cf636d2c5c1f85a7b2,"Status: ['Complete', 'PartialData']. []"
us-east-1,get_metric_data,error,mee1fac9717081c1e591f4b86,"Status: ['Complete', 'PartialData']. []"
us-east-1,get_metric_data,error,m86fd215c78eaedf51964466c,"Status: ['Complete', 'PartialData']. []"
us-east-1,get_metric_data,error,m53cc297842bf4d21507da2a8,"Status: ['Complete', 'PartialData']. []"
us-east-1,get_metric_data,error,mc3efdbebe5ec3ec52c91c182,"Status: ['Complete', 'PartialData']. []"
us-east-1,get_metric_data,error,mf169fd705a1bef388eb2f32c,"Status: ['Complete', 'PartialData']. []"
us-east-1,get_metric_data,error,m50eed44d84ec8814c56ff9c4,"Status: ['Complete', 'PartialData']. []"
us-east-1,get_metric_data,error,ma3e43735bb9d3441e67f0ba6,"Status: ['Complete', 'PartialData']. []"
us-east-1,get_metric_data,error,m8ef8a679d17d82673ef8b740,"Status: ['Complete', 'PartialData']. []"
us-east-1,get_metric_data,error,m96937ba90aa264e9f6961822,"Status: ['Complete', 'PartialData']. []"
us-east-1,get_metric_data,error,m47a6c59fa5c8a79cf6e6357d,"Status: ['Complete', 'PartialData']. []"
us-east-1,get_metric_data,error,m7b819bce6a451d53b3c527ad,"Status: ['Complete', 'PartialData']. []"
us-east-1,get_metric_data,error,m75a81e9e7d78dea4c1de5290,"Status: ['Complete', 'PartialData']. []"
us-east-1,get_metric_data,error,m84a21f0e4101a0fefbbb6efe,"Status: ['Complete', 'PartialData']. []"
us-east-1,get_metric_data,error,m825063273126e87030a94b3b,"Status: ['Complete', 'PartialData']. []"
us-east-1,get_metric_data,error,m24b6787127af6a46e5342d11,"Status: ['Complete', 'PartialData']. []"
us-east-1,get_metric_data,error,md9f21ef6bae73bcc0b7a60e3,"Status: ['Complete', 'PartialData']. []"
us-east-1,get_metric_data,error,m7b80aea6f43d1f55a8ba3c26,"Status: ['Complete', 'PartialData']. []"
us-east-1,get_metric_data,error,m81f0462aa37e6182054e8249,"Status: ['Complete', 'PartialData']. []"
us-east-1,get_metric_data,error,mcce5fd842c97f2cc28d4a9c8,"Status: ['Complete', 'PartialData']. []"
us-east-1,get_metric_data,partial,mea45fbd6ae53b7e4ddab2502,"Status: ['Complete', 'PartialData']. []"
us-east-1,get_metric_data,error,m642c1e336f190f36321d6d53,"Status: ['Complete', 'PartialData']. []"
us-east-1,get_metric_data,error,m9805ee0920a12f066a8c063e,"Status: ['Complete', 'PartialData']. []"
us-east-1,get_metric_data,error,m4532c774000b1fa0fb8c1300,"Status: ['Complete', 'PartialData']. []"
us-east-1,get_metric_data,error,m70cf7857546742c6b7ee2edc,"Status: ['Complete', 'PartialData']. []"
us-east-1,get_metric_data,error,m49f4354600fa12d61f8bd385,"Status: ['Complete', 'PartialData']. []"
us-east-1,get_metric_data,error,mdbb5b64963d70b69429e50d2,"Status: ['Complete', 'PartialData']. []"
us-east-1,get_metric_data,error,mcace55882cab4ad15012b805,"Status: ['Complete', 'PartialData']. []"
us-east-1,get_metric_data,error,m3dee10e4e1c2e772a357671d,"Status: ['Complete', 'PartialData']. []"
us-east-1,get_metric_data,error,m200d2aa16f3a37c2e3f0144e,"Status: ['Complete', 'PartialData']. []"
us-east-1,get_metric_data,error,m472f259763c6b9ba9742084f,"Status: ['Complete', 'PartialData']. []"
us-east-1,get_metric_data,error,m15b8b390cd0eb3c8adcfe667,"Status: ['Complete', 'PartialData']. []"
us-east-1,get_metric_data,error,m6f628ba54302d5efb4cee008,"Status: ['Complete', 'PartialData']. []"
us-east-1,get_metric_data,error,mc18d446fdc60a08027931486,"Status: ['Complete', 'PartialData']. []"
us-east-1,get_metric_data,error,me7c56c04b129164e17f9846b,"Status: ['Complete', 'PartialData']. []"
us-east-1,get_metric_data,error,m9a028b66606c9f443cc67e0f,"Status: ['Complete', 'PartialData']. []"
us-east-1,get_metric_data,error,md508734e14790f756185d7fd,"Status: ['Complete', 'PartialData']. []"
us-east-1,get_metric_data,error,m92cf33e5871d83ac4656e543,"Status: ['Complete', 'PartialData']. []"
us-east-1,get_metric_data,error,m76e58bd6a4f4d02ead7c73a6,"Status: ['Complete', 'PartialData']. []"
us-east-1,get_metric_data,error,me20ca2ddb13d4268d4cd03d2,"Status: ['Complete', 'PartialData']. []"
us-east-1,get_metric_data,error,mf75bf761359c9100f03c34f8,"Status: ['Complete', 'PartialData']. []"
us-east-1,get_metric_data,error,m01caa71c67a7e35d9966b83e,"Status: ['Complete', 'PartialData']. []"
us-east-1,get_metric_data,error,m40a135ff80175d9cdfceae1f,"Status: ['Complete', 'PartialData']. []"
us-east-1,get_metric_data,error,m8ddec87dc1c8bf03693cc462,"Status: ['Complete', 'PartialData']. []"
us-east-1,get_metric_data,error,ma1377593519f9dafb7108e00,"Status: ['Complete', 'PartialData']. []"
us-east-1,get_metric_data,error,m38dab2280ea1b96ec6dc9a5c,"Status: ['Complete', 'PartialData']. []"
us-east-1,get_metric_data,error,m655d71be3df2102d59199036,"Status: ['Complete', 'PartialData']. []"
us-east-1,get_metric_data,error,m8d435d0d840a0fb3ed16cbf7,"Status: ['Complete', 'PartialData']. []"
us-east-1,get_metric_data,error,m59665c052a639359a2f0d1ac,"Status: ['Complete', 'PartialData']. []"
us-east-1,get_metric_data,error,m6c9f4519fd013441e017f642,"Status: ['Complete', 'PartialData']. []"
us-east-1,get_metric_data,error,m81e996a4cd8041a7f5524bc2,"Status: ['Complete', 'PartialData']. []"
us-east-1,get_metric_data,error,m7762826a8e78fa9ab532e5bf,"Status: ['Complete', 'PartialData']. []"
us-east-1,get_metric_data,error,m3fa2a569714cbd00a60e9143,"Status: ['Complete', 'PartialData']. []"
us-east-1,get_metric_data,error,m381a486e90e46d16c3986407,"Status: ['Complete', 'PartialData']. []"
us-east-1,get_metric_data,error,mc31996b97a8546beaed34a93,"Status: ['Complete', 'PartialData']. []"
us-east-1,get_metric_data,error,m21a074bed0478e8402f1053a,"Status: ['Complete', 'PartialData']. []"
us-east-1,get_metric_data,error,mfadf2fa1a6dd5476f19553b1,"Status: ['Complete', 'PartialData']. []"
us-east-1,get_metric_data,error,mcaede493e4514cac211e808d,"Status: ['Complete', 'PartialData']. []"
us-east-1,get_metric_data,error,m3592d32ce30526304e1552aa,"Status: ['Complete', 'PartialData']. []"
us-east-1,get_metric_data,error,m709dcf37ec4583d35ac3a98c,"Status: ['Complete', 'PartialData']. []"
us-east-1,get_metric_data,error,mba447ebd18823078a4592fa1,"Status: ['Complete', 'PartialData']. []"
us-east-1,get_metric_data,error,m3530e2dc63b7803e2d15d6ea,"Status: ['Complete', 'PartialData']. []"
us-east-1,get_metric_data,error,ma38383098dd0e3b7f62ed988,"Status: ['Complete', 'PartialData']. []"
us-east-1,get_metric_data,error,m3557aef30711d545f1391acd,"Status: ['Complete', 'PartialData']. []"
us-east-1,get_metric_data,error,m58751156a721788cc571f696,"Status: ['Complete', 'PartialData']. []"
us-east-1,get_metric_data,error,m679b3228a1864c8927b0a45d,"Status: ['Complete', 'PartialData']. []"
us-east-1,get_metric_data,error,m9a0c2e50b04a0123a4dec37e,"Status: ['Complete', 'PartialData']. []"
us-east-1,get_metric_data,error,m6dc6dd3095b5de897176c935,"Status: ['Complete', 'PartialData']. []"
us-east-1,get_metric_data,error,me84a4d223b26ad1ca15d74f4,"Status: ['Complete', 'PartialData']. []"
us-east-1,get_metric_data,error,m7cefdb8b5a007386bf1d2269,"Status: ['Complete', 'PartialData']. []"
us-east-1,get_metric_data,error,m01fcf26780b7c35d2fd7f2e3,"Status: ['Complete', 'PartialData']. []"
us-east-1,get_metric_data,error,m7c8e2d58297eeeca76a774bf,"Status: ['Complete', 'PartialData']. []"
us-east-1,get_metric_data,error,ma302b514e163c872d49f8264,"Status: ['Complete', 'PartialData']. []"
us-east-1,get_metric_data,error,ma03d09f8baa6a430542f0592,"Status: ['Complete', 'PartialData']. []"
us-east-1,get_metric_data,error,m7b0756799dac9e3710ca599b,"Status: ['Complete', 'PartialData']. []"
us-east-1,get_metric_data,error,ma9b5639a2841e68b4abd765d,"Status: ['Complete', 'PartialData']. []"
us-east-1,get_metric_data,error,mebf4139793108efef5c445a7,"Status: ['Complete', 'PartialData']. []"
us-east-1,get_metric_data,error,m99c8373bdb9bc53f9d924f48,"Status: ['Complete', 'PartialData']. []"
us-east-1,get_metric_data,error,m45e2e5a529b5208118d91253,"Status: ['Complete', 'PartialData']. []"
us-east-1,get_metric_data,error,m91ffa38fcfae849188b7ec48,"Status: ['Complete', 'PartialData']. []"
us-east-1,get_metric_data,error,m25510ffa84064cd632f56fb5,"Status: ['Complete', 'PartialData']. []"
us-east-1,get_metric_data,error,md7a257d8223272c86a8b346d,"Status: ['Complete', 'PartialData']. []"
us-east-1,get_metric_data,error,m91f427b892e2aa5533738325,"Status: ['Complete', 'PartialData']. []"
us-east-1,get_metric_data,error,m770cf6a1a8d0249b3facc214,"Status: ['Complete', 'PartialData']. []"
us-east-1,get_metric_data,error,m51d2086feaa5271b273dd19b,"Status: ['Complete', 'PartialData']. []"
us-east-1,get_metric_data,error,mfcc121e37d605de41be3d3cc,"Status: ['Complete', 'PartialData']. []"
us-east-1,get_metric_data,error,mcc2a7ea78c01962b062ed2b1,"Status: ['Complete', 'PartialData']. []"
us-east-1,get_metric_data,error,m7a1a82a7198b0685baf8d424,"Status: ['Complete', 'PartialData']. []"
us-east-1,get_metric_data,error,mfc7ffd83f3550f5c33bcbb7f,"Status: ['Complete', 'PartialData']. []"
us-east-1,get_metric_data,error,m1cce105c19e8c196592ca8fa,"Status: ['Complete', 'PartialData']. []"
us-east-1,get_metric_data,error,md41bcc2486d2faf6cf53f254,"Status: ['Complete', 'PartialData']. []"
us-east-1,get_metric_data,error,m71937744c27317e97cf7ad65,"Status: ['Complete', 'PartialData']. []"
us-east-1,get_metric_data,error,m67daf74d3835ca00b9dbdff5,"Status: ['Complete', 'PartialData']. []"
us-east-1,get_metric_data,error,mbb669b3b91e63242230b97bf,"Status: ['Complete', 'PartialData']. []"
us-east-1,get_metric_data,error,mdab8d255ac93d9986ce5318b,"Status: ['Complete', 'PartialData']. []"
us-east-1,get_metric_data,error,mfa91536925a84651e68fb40e,"Status: ['Complete', 'PartialData']. []"
us-east-1,get_metric_data,error,m793963d7ef671ee4a26a60e6,"Status: ['Complete', 'PartialData']. []"
us-east-1,get_metric_data,error,m82b4b8a9f6a0d63eb4b8f78c,"Status: ['Complete', 'PartialData']. []"
us-east-1,get_metric_data,error,mb56c8f8334cedff162b94ce1,"Status: ['Complete', 'PartialData']. []"
us-east-1,get_metric_data,error,m5cc1fa37d572bac36529404b,"Status: ['Complete', 'PartialData']. []"
us-east-1,get_metric_data,error,m4686acaff9fd18dd35e6a565,"Status: ['Complete', 'PartialData']. []"
us-east-1,get_metric_data,error,ma777ed3e49724b7ffb91eddb,"Status: ['Complete', 'PartialData']. []"
us-east-1,get_metric_data,error,m5c0f3dbf754ac56afdbeeb11,"Status: ['Complete', 'PartialData']. []"
us-east-1,get_metric_data,error,m7747586be23a8c3b8794aff8,"Status: ['Complete', 'PartialData']. []"
us-east-1,get_metric_data,error,mcc23035c04070ee7dd394561,"Status: ['Complete', 'PartialData']. []"
us-east-1,get_metric_data,error,mbff7a90aadda495e1f79880e,"Status: ['Complete', 'PartialData']. []"
us-east-1,get_metric_data,error,m3fbffed7f4a6b21e95fc997f,"Status: ['Complete', 'PartialData']. []"
us-east-1,get_metric_data,error,m7590e7db5b56b5f590e464f9,"Status: ['Complete', 'PartialData']. []"
us-east-1,get_metric_data,error,m5f596b596e8ebd1d6f342f1f,"Status: ['Complete', 'PartialData']. []"
us-east-1,get_metric_data,error,m761e45d227fc8db1e62b3918,"Status: ['Complete', 'PartialData']. []"
us-east-1,get_metric_data,error,m0cc3c961760c9fbf907eee23,"Status: ['Complete', 'PartialData']. []"
us-east-1,get_metric_data,error,m6bf46043b4be6d641a202c87,"Status: ['Complete', 'PartialData']. []"
us-east-1,get_metric_data,error,m0c8df5861261ea245ba31995,"Status: ['Complete', 'PartialData']. []"
us-east-1,get_metric_data,error,m117cd0e6b5eaebe1096d02c3,"Status: ['Complete', 'PartialData']. []"
us-east-1,get_metric_data,error,m11899b2e500443ffaecabeb2,"Status: ['Complete', 'PartialData']. []"
us-east-1,get_metric_data,error,m27322c7b6a7f78c66f73a33a,"Status: ['Complete', 'PartialData']. []"
us-east-1,get_metric_data,error,ma961773760c8d29306a9b084,"Status: ['Complete', 'PartialData']. []"
us-east-1,get_metric_data,error,mf6d51a924539fc82d5036232,"Status: ['Complete', 'PartialData']. []"
us-east-1,get_metric_data,error,m91eaba763f72b269df3d249a,"Status: ['Complete', 'PartialData']. []"
us-east-1,get_metric_data,error,m6c1dfa6b367200479ce7a3a5,"Status: ['Complete', 'PartialData']. []"
us-east-1,get_metric_data,error,mbbe1179378f4f5034240488c,"Status: ['Complete', 'PartialData']. []"
us-east-1,get_metric_data,error,mba6baea238f497a4fa65acd7,"Status: ['Complete', 'PartialData']. []"
us-east-1,get_metric_data,error,m7806ccd613bf5d11d33822ce,"Status: ['Complete', 'PartialData']. []"
us-east-1,get_metric_data,error,m5ae75c5a3c788bfd70eadf63,"Status: ['Complete', 'PartialData']. []"
us-east-1,get_metric_data,error,m575dcbd07dfbaa800aff2874,"Status: ['Complete', 'PartialData']. []"
us-east-1,get_metric_data,error,md4ffc62fd285fc63f28b1e03,"Status: ['Complete', 'PartialData']. []"
us-east-1,get_metric_data,error,md77256962678326fef88590b,"Status: ['Complete', 'PartialData']. []"
us-east-1,get_metric_data,error,mdf5604f01cc222da7b1989e8,"Status: ['Complete', 'PartialData']. []"
us-east-1,get_metric_data,error,m34423f0a45a34c763660875f,"Status: ['Complete', 'PartialData']. []"
us-east-1,get_metric_data,error,mdabcfb1217bf3148dc77eb23,"Status: ['Complete', 'PartialData']. []"
us-east-1,get_metric_data,error,m8ef9775f4bcd0e7311b2ecab,"Status: ['Complete', 'PartialData']. []"
us-east-1,get_metric_data,error,m34a4c8ce888923cec987c0c6,"Status: ['Complete', 'PartialData']. []"
us-east-1,get_metric_data,error,m1da1b2cc4e2f2b22c1710be0,"Status: ['Complete', 'PartialData']. []"
us-east-1,get_metric_data,error,m0aeb84af4536a932dd633d4b,"Status: ['Complete', 'PartialData']. []"
us-east-1,get_metric_data,error,m0d16426a186d79fa5b6d2a83,"Status: ['Complete', 'PartialData']. []"
us-east-1,get_metric_data,error,mfb510da0f5986066e8aed640,"Status: ['Complete', 'PartialData']. []"
us-east-1,get_metric_data,error,mee4f18a87fafaaa62365bf1b,"Status: ['Complete', 'PartialData']. []"
us-east-1,get_metric_data,error,m0702628150ee74a7935c600e,"Status: ['Complete', 'PartialData']. []"
us-east-1,get_metric_data,error,m7c9e351f31e18dbc67ebef74,"Status: ['Complete', 'PartialData']. []"
us-east-1,get_metric_data,error,m037bfe8e844448c520f46634,"Status: ['Complete', 'PartialData']. []"
us-east-1,get_metric_data,error,mf4f675ef6bbb2fff12599d16,"Status: ['Complete', 'PartialData']. []"
us-east-1,get_metric_data,error,m37b82e6e860ea888234d6e27,"Status: ['Complete', 'PartialData']. []"
us-east-1,get_metric_data,error,m9dc1ec828f95e28b31e21cb3,"Status: ['Complete', 'PartialData']. []"
us-east-1,get_metric_data,error,m865515a6c4c36acbe8880519,"Status: ['Complete', 'PartialData']. []"
us-east-1,get_metric_data,error,me7926fe0229329d68f602564,"Status: ['Complete', 'PartialData']. []"
us-east-1,get_metric_data,error,m14c7785c3c6f806b6b03949f,"Status: ['Complete', 'PartialData']. []"
us-east-1,get_metric_data,error,m163358dc9e127834206a5484,"Status: ['Complete', 'PartialData']. []"
us-east-1,get_metric_data,error,mf6b36a507a5b467b6897187d,"Status: ['Complete', 'PartialData']. []"
us-east-1,get_metric_data,error,m5b13e21d03cbe88b96f410c2,"Status: ['Complete', 'PartialData']. []"
us-east-1,get_metric_data,error,md4ae46bc8ba4ff52f2b7eaa7,"Status: ['Complete', 'PartialData']. []"
us-east-1,get_metric_data,error,me7d390e6443bf768f707bd21,"Status: ['Complete', 'PartialData']. []"
us-east-1,get_metric_data,error,mecd94ecfb200b3ed31618edc,"Status: ['Complete', 'PartialData']. []"
us-east-1,get_metric_data,error,m8f975f9315247c4b524dee85,"Status: ['Complete', 'PartialData']. []"
us-east-1,get_metric_data,error,m5354e3ca60d4380a753bd15e,"Status: ['Complete', 'PartialData']. []"
us-east-1,get_metric_data,error,m7f3089356656ee4b0058e64a,"Status: ['Complete', 'PartialData']. []"
us-east-1,get_metric_data,error,m6bcca8c2cd4842bc2fe46a88,"Status: ['Complete', 'PartialData']. []"
us-east-1,get_metric_data,error,mfe43f335094c8d9d4bb91a28,"Status: ['Complete', 'PartialData']. []"
us-east-1,get_metric_data,error,m682ec714705b1f74f82420e9,"Status: ['Complete', 'PartialData']. []"
us-east-1,get_metric_data,error,m3e11542dae4ddc6c79a55e87,"Status: ['Complete', 'PartialData']. []"
us-east-1,get_metric_data,error,mb87d23ab93d6a2228f286389,"Status: ['Complete', 'PartialData']. []"
us-east-1,get_metric_data,error,m755e36d9367f651e5929d559,"Status: ['Complete', 'PartialData']. []"
us-east-1,get_metric_data,error,mf61954d45b338abb475040e5,"Status: ['Complete', 'PartialData']. []"
us-east-1,get_metric_data,error,m626fea9a482e30426448d9d7,"Status: ['Complete', 'PartialData']. []"
us-east-1,get_metric_data,error,meb684e864c79414dd3d594d2,"Status: ['Complete', 'PartialData']. []"
us-east-1,get_metric_data,error,md33a6af98ec15022d328fb2a,"Status: ['Complete', 'PartialData']. []"
us-east-1,get_metric_data,error,ma27561d02acc1b0cf541c8d9,"Status: ['Complete', 'PartialData']. []"
us-east-1,get_metric_data,error,mfa1bd0fec59d213eef8b6f74,"Status: ['Complete', 'PartialData']. []"
us-east-1,get_metric_data,error,mfc11629fa6449386d1b202dd,"Status: ['Complete', 'PartialData']. []"
us-east-1,get_metric_data,error,md3abdde840039c9f362d5c6c,"Status: ['Complete', 'PartialData']. []"
us-east-1,get_metric_data,error,m6f1886fdedf1fa5e3fd67ba0,"Status: ['Complete', 'PartialData']. []"
us-east-1,get_metric_data,error,m80b22c0ccd37d9e7783a221d,"Status: ['Complete', 'PartialData']. []"
us-east-1,get_metric_data,error,m2d4396c77ae8c4d3559b07c7,"Status: ['Complete', 'PartialData']. []"
us-east-1,get_metric_data,error,m16d0899a3fa3b6b0a5c67980,"Status: ['Complete', 'PartialData']. []"
us-east-1,get_metric_data,error,m28072ea997d6b3004b517a0c,"Status: ['Complete', 'PartialData']. []"
us-east-1,get_metric_data,error,mafe205a83f1307e8c1211648,"Status: ['Complete', 'PartialData']. []"
us-east-1,get_metric_data,error,m1c78219279577b7b77eca9d0,"Status: ['Complete', 'PartialData']. []"
us-east-1,get_metric_data,error,mf3d2504ca0a7f6e30399b568,"Status: ['Complete', 'PartialData']. []"
us-east-1,get_metric_data,error,mf61b31e249e86ca8957a2cc0,"Status: ['Complete', 'PartialData']. []"
us-east-1,get_metric_data,error,mf47856e5aab62ff8aaa9c8b0,"Status: ['Complete', 'PartialData']. []"
us-east-1,get_metric_data,error,mc86575f9749446b02d1844c5,"Status: ['Complete', 'PartialData']. []"
us-east-1,get_metric_data,error,m0f905302d91efa4fc5d0d2c6,"Status: ['Complete', 'PartialData']. []"
us-east-1,get_metric_data,error,mc1c6f3cd1c78574fb2398387,"Status: ['Complete', 'PartialData']. []"
us-east-1,get_metric_data,error,maded5129dbc4c08fab4f3709,"Status: ['Complete', 'PartialData']. []"
us-east-1,get_metric_data,error,mba59c707a4e7c2568979d5c2,"Status: ['Complete', 'PartialData']. []"
us-east-1,get_metric_data,error,mba331dc41ae28ef61fede1db,"Status: ['Complete', 'PartialData']. []"
us-east-1,get_metric_data,error,m5a7e71e6b1cc1520cc996e0e,"Status: ['Complete', 'PartialData']. []"
us-east-1,get_metric_data,error,mf5e644c6d33aaf93e5ab7fa1,"Status: ['Complete', 'PartialData']. []"
us-east-1,get_metric_data,error,m832e85ee32307ae26ed809bb,"Status: ['Complete', 'PartialData']. []"
us-east-1,get_metric_data,error,m32e4ee775acfc53a3537acd7,"Status: ['Complete', 'PartialData']. []"
us-east-1,get_metric_data,error,m9935adb5e5f680ad86c449a9,"Status: ['Complete', 'PartialData']. []"
us-east-1,get_metric_data,error,m9efff606f94490804f31221b,"Status: ['Complete', 'PartialData']. []"
us-east-1,get_metric_data,error,mad9b4a2d1f9215c1347264f9,"Status: ['Complete', 'PartialData']. []"
us-east-1,get_metric_data,error,me13dcaadbd0749f7dace310d,"Status: ['Complete', 'PartialData']. []"
us-east-1,get_metric_data,error,m05814154600ee34ed9bf2707,"Status: ['Complete', 'PartialData']. []"
us-east-1,get_metric_data,error,ma062afc06bff7491577b8ad2,"Status: ['Complete', 'PartialData']. []"
us-east-1,get_metric_data,error,mfaeeeeca5d329a7e70db293e,"Status: ['Complete', 'PartialData']. []"
us-east-1,get_metric_data,error,me2b24d8d428f8ee739c714e4,"Status: ['Complete', 'PartialData']. []"
us-east-1,get_metric_data,error,m1afd65aeae710be34bb45786,"Status: ['Complete', 'PartialData']. []"
us-east-1,get_metric_data,error,mcbe968f146f638bf9595732d,"Status: ['Complete', 'PartialData']. []"
us-east-1,get_metric_data,error,m6708eeabeda96d5b59f8ee4b,"Status: ['Complete', 'PartialData']. []"
us-east-1,get_metric_data,error,mf625e409ba1e27b459abd862,"Status: ['Complete', 'PartialData']. []"
us-east-1,get_metric_data,error,m93321d4bbb1328f24e2a1bd9,"Status: ['Complete', 'PartialData']. []"
us-east-1,get_metric_data,error,m732c457042799f98cb728032,"Status: ['Complete', 'PartialData']. []"
us-east-1,get_metric_data,error,md2cccb76ad41f670ffc99397,"Status: ['Complete', 'PartialData']. []"
us-east-1,get_metric_data,error,mb358f515b76b5d29a523aea9,"Status: ['Complete', 'PartialData']. []"
us-east-1,get_metric_data,error,mca8445208f5fe147f5b6545e,"Status: ['Complete', 'PartialData']. []"
us-east-1,get_metric_data,error,md263ffbcb5256df68803c3d6,"Status: ['Complete', 'PartialData']. []"
us-east-1,get_metric_data,error,mbbc06cdd31eef3141d5c784d,"Status: ['Complete', 'PartialData']. []"
us-east-1,get_metric_data,error,m49d6bd7c6244667414d1d0d7,"Status: ['Complete', 'PartialData']. []"
us-east-1,get_metric_data,error,mb0eaff0f6458dc822def36bd,"Status: ['Complete', 'PartialData']. []"
us-east-1,get_metric_data,error,mf936d12e9a921dd5ad4bd2ef,"Status: ['Complete', 'PartialData']. []"
us-east-1,get_metric_data,error,m345a83718ea2075418902f4d,"Status: ['Complete', 'PartialData']. []"
us-east-1,get_metric_data,error,m1dd4317db4981072c10bc4ba,"Status: ['Complete', 'PartialData']. []"
us-east-1,get_metric_data,error,med1ebcd1899ac882459ff543,"Status: ['Complete', 'PartialData']. []"
us-east-1,get_metric_data,error,maf970580f780e84b39c0c7b6,"Status: ['Complete', 'PartialData']. []"
us-east-1,get_metric_data,error,mbed92f3f70c833bbd3f89969,"Status: ['Complete', 'PartialData']. []"
us-east-1,get_metric_data,error,mb04bb4bf51259d622b493319,"Status: ['Complete', 'PartialData']. []"
us-east-1,get_metric_data,error,m8aca3fb5e4fdd2293910a229,"Status: ['Complete', 'PartialData']. []"
us-east-1,get_metric_data,error,mfa4d7b5ec4e3fbaa83df5009,"Status: ['Complete', 'PartialData']. []"
us-east-1,get_metric_data,error,m977826c82b8aecff23dd036f,"Status: ['Complete', 'PartialData']. []"
us-east-1,get_metric_data,error,m4ac77a891ac9bf9d3d490b5e,"Status: ['Complete', 'PartialData']. []"
us-east-1,get_metric_data,error,ma52f4ac2b0d8cfc3ea8cdf84,"Status: ['Complete', 'PartialData']. []"
us-east-1,get_metric_data,error,m706264b1fc1f50a5f7b24603,"Status: ['Complete', 'PartialData']. []"
us-east-1,get_metric_data,error,m81570d12b31e930be329713b,"Status: ['Complete', 'PartialData']. []"
us-east-1,get_metric_data,error,mef10d4b0b7406514e73df171,"Status: ['Complete', 'PartialData']. []"
us-east-1,get_metric_data,error,md3ecc5b8b68830b8b808540b,"Status: ['Complete', 'PartialData']. []"
us-east-1,get_metric_data,error,m664361fbde744845769143e2,"Status: ['Complete', 'PartialData']. []"
us-east-1,get_metric_data,error,ma47e03107c970ef70a8a44db,"Status: ['Complete', 'PartialData']. []"
us-east-1,get_metric_data,error,mfaff3b97f747ff364c506599,"Status: ['Complete', 'PartialData']. []"
us-east-1,get_metric_data,error,mbfdc5f34c85a58a3f5a052e2,"Status: ['Complete', 'PartialData']. []"
us-east-1,get_metric_data,error,m37847b27ab0f19c28ddedcc5,"Status: ['Complete', 'PartialData']. []"
us-east-1,get_metric_data,error,md0a719e64d69d9d5570e969d,"Status: ['Complete', 'PartialData']. []"
us-east-1,get_metric_data,error,mff5bb46147181fec5634289f,"Status: ['Complete', 'PartialData']. []"
us-east-1,get_metric_data,error,m6514296ef0104ffd3055a01e,"Status: ['Complete', 'PartialData']. []"
us-east-1,get_metric_data,error,mb0e28b7ec0da9b221362a86b,"Status: ['Complete', 'PartialData']. []"
us-east-1,get_metric_data,error,m3863e7bd381281abeb870312,"Status: ['Complete', 'PartialData']. []"
us-east-1,get_metric_data,error,m6f02f4051d99a1a33992c3c7,"Status: ['Complete', 'PartialData']. []"
us-east-1,get_metric_data,error,mf6308c77b9da874943d4b759,"Status: ['Complete', 'PartialData']. []"
us-east-1,get_metric_data,error,m2af3cbbb789fd25246beecfe,"Status: ['Complete', 'PartialData']. []"
us-east-1,get_metric_data,error,med0146257183c600594d2c75,"Status: ['Complete', 'PartialData']. []"
us-east-1,get_metric_data,error,m4a145b13684ee734d467de07,"Status: ['Complete', 'PartialData']. []"
us-east-1,get_metric_data,error,mac96171f5ac95a8ff7f0b5ee,"Status: ['Complete', 'PartialData']. []"
us-east-1,get_metric_data,error,m2904dff04ea5fb6db5d05a8d,"Status: ['Complete', 'PartialData']. []"
us-east-1,get_metric_data,error,m27be41b67d2760b583406920,"Status: ['Complete', 'PartialData']. []"
us-east-1,get_metric_data,error,m6e62b6b562a9b061031d0649,"Status: ['Complete', 'PartialData']. []"
us-east-1,get_metric_data,error,mab741b8a62e3b0ad625117d8,"Status: ['Complete', 'PartialData']. []"
us-east-1,get_metric_data,error,m58158e598501f9150ed2d003,"Status: ['Complete', 'PartialData']. []"
us-east-1,get_metric_data,error,mbd15a79cd14132d55a1c1a28,"Status: ['Complete', 'PartialData']. []"
us-east-1,get_metric_data,error,m773a5c5d75961a9f3219b7fb,"Status: ['Complete', 'PartialData']. []"
us-east-1,get_metric_data,error,m269eb41179fe3e418b5aee36,"Status: ['Complete', 'PartialData']. []"
us-east-1,get_metric_data,error,m1b0243b8a4604e5f34d1ea5a,"Status: ['Complete', 'PartialData']. []"
us-east-1,get_metric_data,error,mc11da22083b4252fb8d590d5,"Status: ['Complete', 'PartialData']. []"
us-east-1,get_metric_data,error,mc9becf6d533e402972bdf604,"Status: ['Complete', 'PartialData']. []"
us-east-1,get_metric_data,error,mf016fa8b7e93ffc07604b1de,"Status: ['Complete', 'PartialData']. []"
us-east-1,get_metric_data,error,m070380a30d309af33db85a47,"Status: ['Complete', 'PartialData']. []"
us-east-1,get_metric_data,error,mb2342fc9ff097922c3a367e7,"Status: ['Complete', 'PartialData']. []"
us-east-1,get_metric_data,error,mee5c9f02842e796867049e38,"Status: ['Complete', 'PartialData']. []"
us-east-1,get_metric_data,error,mbd43a9da742662e5cf36eaa3,"Status: ['Complete', 'PartialData']. []"
us-east-1,get_metric_data,error,m2fb775d4185696eb5c9e1175,"Status: ['Complete', 'PartialData']. []"
us-east-1,get_metric_data,error,m01a3a4a89b77d1e3601135f8,"Status: ['Complete', 'PartialData']. []"
us-east-1,get_metric_data,error,md998a53f4ffbbc2ae707f4ff,"Status: ['Complete', 'PartialData']. []"
us-east-1,get_metric_data,error,m88a6541311dfb6b4b0270a25,"Status: ['Complete', 'PartialData']. []"
us-east-1,get_metric_data,error,mf9086ad0c68dbaf32e8f7792,"Status: ['Complete', 'PartialData']. []"
us-east-1,get_metric_data,error,m87c9e810bac59b2171091b34,"Status: ['Complete', 'PartialData']. []"
us-east-1,get_metric_data,error,m79cd59539991acf88ef14f05,"Status: ['Complete', 'PartialData']. []"
us-east-1,get_metric_data,error,m3e069d5c3cc504decee9a60e,"Status: ['Complete', 'PartialData']. []"
us-east-1,get_metric_data,error,m4614cec00ac4d212c3f618c7,"Status: ['Complete', 'PartialData']. []"
us-east-1,get_metric_data,error,me1bff4826bfba6a182a0a74a,"Status: ['Complete', 'PartialData']. []"
us-east-1,get_metric_data,error,mbfd970f23b7e5f4d68c1271e,"Status: ['Complete', 'PartialData']. []"
us-east-1,get_metric_data,error,m9a4e3d15a1bd900456c2bedb,"Status: ['Complete', 'PartialData']. []"
us-east-1,get_metric_data,error,m8eb1df6d53892589eb676786,"Status: ['Complete', 'PartialData']. []"
us-east-1,get_metric_data,error,m9bb058b42e9083b780ec297b,"Status: ['Complete', 'PartialData']. []"
us-east-1,get_metric_data,error,mcfe3bffccdfb921835a99ed1,"Status: ['Complete', 'PartialData']. []"
us-east-1,get_metric_data,error,mc34905e9da35321f2ae5c51c,"Status: ['Complete', 'PartialData']. []"
us-east-1,get_metric_data,error,m7a66d4669783516cdf56fb69,"Status: ['Complete', 'PartialData']. []"
us-east-1,get_metric_data,error,maa4b1c256f0fb5b5cac9ed75,"Status: ['Complete', 'PartialData']. []"
us-east-1,get_metric_data,error,mdc8ead21b9d04152e9cd0fab,"Status: ['Complete', 'PartialData']. []"
us-east-1,get_metric_data,error,m0c847871c1291df6a0df5b96,"Status: ['Complete', 'PartialData']. []"
us-east-1,get_metric_data,error,m1052677440dbc84fb7712317,"Status: ['Complete', 'PartialData']. []"
us-east-1,get_metric_data,error,m61b0e6344648d5f55be75792,"Status: ['Complete', 'PartialData']. []"
us-east-1,get_metric_data,error,m145bb7d917c6c5ae7f7b4b88,"Status: ['Complete', 'PartialData']. []"
us-east-1,get_metric_data,error,m09c9f570a070a07da303786e,"Status: ['Complete', 'PartialData']. []"
us-east-1,get_metric_data,error,me680592788d96c63fbb01b12,"Status: ['Complete', 'PartialData']. []"
us-east-1,get_metric_data,error,m489e60eee0531a712a011ea5,"Status: ['Complete', 'PartialData']. []"
us-east-1,get_metric_data,error,m021b31fd866671aa545d10e4,"Status: ['Complete', 'PartialData']. []"
us-east-1,get_metric_data,error,m651c7f0014a790ea307003cf,"Status: ['Complete', 'PartialData']. []"
us-east-1,get_metric_data,error,m8f22aedfec2731da40fc3277,"Status: ['Complete', 'PartialData']. []"
us-east-1,get_metric_data,error,mc832e99995e04395afb29c0a,"Status: ['Complete', 'PartialData']. []"
us-east-1,get_metric_data,error,m07b19a8689bbb305fc275d53,"Status: ['Complete', 'PartialData']. []"
us-east-1,get_metric_data,error,m40689bb2ba2322291e04b52a,"Status: ['Complete', 'PartialData']. []"
us-east-1,get_metric_data,error,m0284bd907f48f86e2840431d,"Status: ['Complete', 'PartialData']. []"
us-east-1,get_metric_data,error,m02b104f6aa523495714fcd4c,"Status: ['Complete', 'PartialData']. []"
us-east-1,get_metric_data,error,me2153f51c975e05dcac38bc3,"Status: ['Complete', 'PartialData']. []"
us-east-1,get_metric_data,error,m319de97f0b5e89a863ebfede,"Status: ['Complete', 'PartialData']. []"
us-east-1,get_metric_data,error,ma39815082e2a64ead5d042af,"Status: ['Complete', 'PartialData']. []"
us-east-1,get_metric_data,error,mc0dd5a1d09f0d9f9f1611519,"Status: ['Complete', 'PartialData']. []"
us-east-1,get_metric_data,error,m44d0956163ffcf7f566f7497,"Status: ['Complete', 'PartialData']. []"
us-east-1,get_metric_data,error,m5a9580347d985cebb6931ced,"Status: ['Complete', 'PartialData']. []"
us-east-1,get_metric_data,error,m92792208bcc4701fddca06ed,"Status: ['Complete', 'PartialData']. []"
us-east-1,get_metric_data,error,md50b8fd703794a38bb1eb7fb,"Status: ['Complete', 'PartialData']. []"
us-east-1,get_metric_data,error,m5dc4026c7186e5662d26abd1,"Status: ['Complete', 'PartialData']. []"
us-east-1,get_metric_data,error,m4d8a55fa69f2d88ebe757818,"Status: ['Complete', 'PartialData']. []"
us-east-1,get_metric_data,error,m6e8ccb6f8b95a4d8bc3b6d22,"Status: ['Complete', 'PartialData']. []"
us-east-1,get_metric_data,error,mc2fd5c7ff53d13fe4afa8ca0,"Status: ['Complete', 'PartialData']. []"
us-east-1,get_metric_data,error,mf81a43dd90841999c741fb5a,"Status: ['Complete', 'PartialData']. []"
us-east-1,get_metric_data,error,m3825821d7fecbe77ad7b51fe,"Status: ['Complete', 'PartialData']. []"
us-east-1,get_metric_data,error,mdbabd7cf7202d7c5ff465c8e,"Status: ['Complete', 'PartialData']. []"
us-east-1,get_metric_data,error,m6c1b8b7a92298536b97e2259,"Status: ['Complete', 'PartialData']. []"
us-east-1,get_metric_data,error,m0f4c3866ec5b7fdf2e17895e,"Status: ['Complete', 'PartialData']. []"
us-east-1,get_metric_data,error,m9419019623c675ab4d6e42e7,"Status: ['Complete', 'PartialData']. []"
us-east-1,get_metric_data,error,mea4ae10d0c90c74d62487040,"Status: ['Complete', 'PartialData']. []"
us-east-1,get_metric_data,error,m9aade5314f3d04cadc2ba980,"Status: ['Complete', 'PartialData']. []"
us-east-1,get_metric_data,error,md6662a5939cc392da3113595,"Status: ['Complete', 'PartialData']. []"
us-east-1,get_metric_data,error,m83ef7918ece530ea3f97e3b6,"Status: ['Complete', 'PartialData']. []"
us-east-1,get_metric_data,error,m951abe98a016564daf570c1b,"Status: ['Complete', 'PartialData']. []"
us-east-1,get_metric_data,error,m00f2c595c13e1e8a4c996968,"Status: ['Complete', 'PartialData']. []"
us-east-1,get_metric_data,error,m42d6dce768e4ced3dc0937db,"Status: ['Complete', 'PartialData']. []"
us-east-1,get_metric_data,error,m7a2526c4ad2435ac82495ef4,"Status: ['Complete', 'PartialData']. []"
us-east-1,get_metric_data,error,m4b7e0d2f85883f6d6adbcf18,"Status: ['Complete', 'PartialData']. []"
us-east-1,get_metric_data,error,mca6b5bcdeff5d89fc0f1bfdf,"Status: ['Complete', 'PartialData']. []"
us-east-1,get_metric_data,error,m2e2833a944e217c878b3748d,"Status: ['Complete', 'PartialData']. []"
us-east-1,get_metric_data,error,m812a29f35ef0beadd348760b,"Status: ['Complete', 'PartialData']. []"
us-east-1,get_metric_data,error,mee3b1c7a29d735becbaad61d,"Status: ['Complete', 'PartialData']. []"
us-east-1,get_metric_data,error,mc51df2fe6f993b30d669e047,"Status: ['Complete', 'PartialData']. []"
us-east-1,get_metric_data,error,m5a38e3e2d36441fda22a21a4,"Status: ['Complete', 'PartialData']. []"
us-east-1,get_metric_data,error,mb7ff54b8ef85b4b3d2281c7c,"Status: ['Complete', 'PartialData']. []"
us-east-1,get_metric_data,error,mc8a1a909a209002c7d65bda6,"Status: ['Complete', 'PartialData']. []"
us-east-1,get_metric_data,error,m3026ea1d40f2fab6bb95ee4f,"Status: ['Complete', 'PartialData']. []"
us-east-1,get_metric_data,error,m7f77d939fd0577580df2a8a4,"Status: ['Complete', 'PartialData']. []"
us-east-1,get_metric_data,error,m4a0c57a3f879aa0c7fe187d6,"Status: ['Complete', 'PartialData']. []"
us-east-1,get_metric_data,error,ma0465410fec92bd9486eaa0f,"Status: ['Complete', 'PartialData']. []"
us-east-1,get_metric_data,error,m9bcddafdac30d1c8de5f6604,"Status: ['Complete', 'PartialData']. []"
us-east-1,get_metric_data,error,m215c2c2c488b40532c570f48,"Status: ['Complete', 'PartialData']. []"
us-east-1,get_metric_data,error,m32e487af22d23152071a1682,"Status: ['Complete', 'PartialData']. []"
us-east-1,get_metric_data,error,mc288327f6981c347dfcbee8d,"Status: ['Complete', 'PartialData']. []"
us-east-1,get_metric_data,error,m6863e03c249212b07a0fcc65,"Status: ['Complete', 'PartialData']. []"
us-east-1,get_metric_data,error,m62968b4cef2388307b51749c,"Status: ['Complete', 'PartialData']. []"
us-east-1,get_metric_data,error,m48c8124bbf14515f352c5839,"Status: ['Complete', 'PartialData']. []"
us-east-1,get_metric_data,error,m0230ed7a0ff3420fb4d5503c,"Status: ['Complete', 'PartialData']. []"
us-east-1,get_metric_data,error,m3259c127e13f58b70a106886,"Status: ['Complete', 'PartialData']. []"
us-east-1,get_metric_data,error,m3abe9d61257b5dde17d4313d,"Status: ['Complete', 'PartialData']. []"
us-east-1,get_metric_data,error,m4b9376c1f1ab7b94a0bfd2f2,"Status: ['Complete', 'PartialData']. []"
us-east-1,get_metric_data,error,mf2ccd1059cc712bcbe9ba131,"Status: ['Complete', 'PartialData']. []"
us-east-1,get_metric_data,error,m275c474ec99ec47a48fbad6a,"Status: ['Complete', 'PartialData']. []"
us-east-1,get_metric_data,error,m2abe786e2ac7122bcd4150d1,"Status: ['Complete', 'PartialData']. []"
us-east-1,get_metric_data,error,ma9df40979a9c12676ce92a0f,"Status: ['Complete', 'PartialData']. []"
us-east-1,get_metric_data,error,mcd28485747f1a586291d3748,"Status: ['Complete', 'PartialData']. []"
us-east-1,get_metric_data,error,mff6339adfe339ecdb6c90b55,"Status: ['Complete', 'PartialData']. []"
us-east-1,get_metric_data,error,md7a507c8ba209aaaf92f0c27,"Status: ['Complete', 'PartialData']. []"
us-east-1,get_metric_data,error,m5c0c886dd67c38ca65ec4c4e,"Status: ['Complete', 'PartialData']. []"
us-east-1,get_metric_data,error,m63cbbe29386f585db89a7bd0,"Status: ['Complete', 'PartialData']. []"
us-east-1,get_metric_data,error,m3a54de26eec41dbf6b304c2a,"Status: ['Complete', 'PartialData']. []"
us-east-1,get_metric_data,error,m318455de4fb3cd6baa5927fc,"Status: ['Complete', 'PartialData']. []"
us-east-1,get_metric_data,error,m52c8f8b1bc44b46db7555d62,"Status: ['Complete', 'PartialData']. []"
us-east-1,get_metric_data,error,mc69638edf96bc4f6ad049d85,"Status: ['Complete', 'PartialData']. []"
us-east-1,get_metric_data,error,m625e04142efe40887ff5ae1d,"Status: ['Complete', 'PartialData']. []"
us-east-1,get_metric_data,error,m5a4d4a956d35a750b9471115,"Status: ['Complete', 'PartialData']. []"
us-east-1,get_metric_data,error,mbff36bd94ab4d60179ea6d59,"Status: ['Complete', 'PartialData']. []"
us-east-1,get_metric_data,error,m040b1ffc5c4b52aaa5a80fd8,"Status: ['Complete', 'PartialData']. []"
us-east-1,get_metric_data,error,m6debb45b10975870d2bb719a,"Status: ['Complete', 'PartialData']. []"
us-east-1,get_metric_data,error,m0d7bfcdf624a874d5592aa89,"Status: ['Complete', 'PartialData']. []"
us-east-1,get_metric_data,error,mb99402d2371ce4f39acecf0b,"Status: ['Complete', 'PartialData']. []"
us-east-1,get_metric_data,error,m1ee4f1eb53dc8bc2fbd25274,"Status: ['Complete', 'PartialData']. []"
us-east-1,get_metric_data,error,mfe127c2e786a58f8a074f69e,"Status: ['Complete', 'PartialData']. []"
us-east-1,get_metric_data,error,m1087815135caf1224bdf89a4,"Status: ['Complete', 'PartialData']. []"
us-east-1,get_metric_data,error,m5c26c27b94256bb2e6c43fb0,"Status: ['Complete', 'PartialData']. []"
us-east-1,get_metric_data,error,m2593e4648b14a04137f6ef73,"Status: ['Complete', 'PartialData']. []"
us-east-1,get_metric_data,error,md0751409f2d9618e1d3722cd,"Status: ['Complete', 'PartialData']. []"
us-east-1,get_metric_data,error,mb6e68a79b7f8990b6aa4d8a9,"Status: ['Complete', 'PartialData']. []"
us-east-1,get_metric_data,error,m0bb98f99da6001763a3a3b3b,"Status: ['Complete', 'PartialData']. []"
us-east-1,get_metric_data,error,m4b0f8b237b8cc55583289b87,"Status: ['Complete', 'PartialData']. []"
us-east-1,get_metric_data,error,m7867104e12692e3c0c8c3ff5,"Status: ['Complete', 'PartialData']. []"
us-east-1,get_metric_data,error,m104c66513e15c97e3b9077b1,"Status: ['Complete', 'PartialData']. []"
us-east-1,get_metric_data,error,m18f4ec6017d433938087d6f8,"Status: ['Complete', 'PartialData']. []"
us-east-1,get_metric_data,error,mf8bc726905e9fb70ef61d066,"Status: ['Complete', 'PartialData']. []"
us-east-1,get_metric_data,error,m5041aadbc11832e0f3acd42d,"Status: ['Complete', 'PartialData']. []"
us-east-1,get_metric_data,error,m02889b4f74e9624f7d052029,"Status: ['Complete', 'PartialData']. []"
us-east-1,get_metric_data,error,mb3bdbd87013c28d57e79308d,"Status: ['Complete', 'PartialData']. []"
us-east-1,get_metric_data,error,mf823f83dae85eb25215c809d,"Status: ['Complete', 'PartialData']. []"
us-east-1,get_metric_data,error,m8bfb618ec54d280c4479d15e,"Status: ['Complete', 'PartialData']. []"
us-east-1,get_metric_data,error,m9bbfef30e53963a512a9524d,"Status: ['Complete', 'PartialData']. []"
us-east-1,get_metric_data,error,m994aaa52924df59105d76bc5,"Status: ['Complete', 'PartialData']. []"
us-east-1,get_metric_data,error,maea6ae4b5bfab1194c859c25,"Status: ['Complete', 'PartialData']. []"
us-east-1,get_metric_data,error,m848605c6a8736a25b58eaf0a,"Status: ['Complete', 'PartialData']. []"
us-east-1,get_metric_data,error,mfd7cb1f65a1c24c1f4b6868d,"Status: ['Complete', 'PartialData']. []"
us-east-1,get_metric_data,error,m4b9c71793d93efe2469ce284,"Status: ['Complete', 'PartialData']. []"
us-east-1,get_metric_data,error,m4e206515848fa6ad846997f2,"Status: ['Complete', 'PartialData']. []"
us-east-1,get_metric_data,error,mbc81f453ad2d7234803ba73f,"Status: ['Complete', 'PartialData']. []"
us-east-1,get_metric_data,error,me6b928454e5a5e7de1e80792,"Status: ['Complete', 'PartialData']. []"
us-east-1,get_metric_data,error,m5e7d02d7dd9677df5f379cc6,"Status: ['Complete', 'PartialData']. []"
us-east-1,get_metric_data,error,m45e6032c59ef724f5fee4ee3,"Status: ['Complete', 'PartialData']. []"
us-east-1,get_metric_data,error,m1173ae0b69ef570a02161b74,"Status: ['Complete', 'PartialData']. []"
us-east-1,get_metric_data,error,m0d9d285f080b2bd5bca8a932,"Status: ['Complete', 'PartialData']. []"
us-east-1,get_metric_data,error,m00a7049102e11f3ac0d27f4b,"Status: ['Complete', 'PartialData']. []"
us-east-1,get_metric_data,error,ma1d252de3f8f51438aea40e9,"Status: ['Complete', 'PartialData']. []"
us-east-1,get_metric_data,error,mf2fa0e5ba0b601e44591e029,"Status: ['Complete', 'PartialData']. []"
us-east-1,get_metric_data,error,m64dc1321e3a27406946bd29f,"Status: ['Complete', 'PartialData']. []"
us-east-1,get_metric_data,error,meab28b36fa2bb7e2fd7c9c0c,"Status: ['Complete', 'PartialData']. []"
us-east-1,get_metric_data,error,m4af716c45f1d70c629835e31,"Status: ['Complete', 'PartialData']. []"
us-east-1,get_metric_data,error,mf5257f4a4eb6dda307d107ed,"Status: ['Complete', 'PartialData']. []"
us-east-1,get_metric_data,error,m4fe661dae6619b99adb51b61,"Status: ['Complete', 'PartialData']. []"
us-east-1,get_metric_data,error,mc261791e9c74ce74583c855e,"Status: ['Complete', 'PartialData']. []"
us-east-1,get_metric_data,error,m5ee4e12411694307a4dbe2f9,"Status: ['Complete', 'PartialData']. []"
us-east-1,get_metric_data,error,mbe4061d5d9da1d63cd76347e,"Status: ['Complete', 'PartialData']. []"
us-east-1,get_metric_data,error,m4c7e834bf1f3966ed8130f97,"Status: ['Complete', 'PartialData']. []"
us-east-1,get_metric_data,error,m64dff3ec1752dad63c08ccb0,"Status: ['Complete', 'PartialData']. []"
us-east-1,get_metric_data,error,mbf5cc7131acf6442cae8aa28,"Status: ['Complete', 'PartialData']. []"
us-east-1,get_metric_data,error,m2a976854bd2057eb686218bf,"Status: ['Complete', 'PartialData']. []"
us-east-1,get_metric_data,error,m7e7d99383518f35626b5f2d9,"Status: ['Complete', 'PartialData']. []"
us-east-1,get_metric_data,error,m17912d134ff72a585a342230,"Status: ['Complete', 'PartialData']. []"
us-east-1,get_metric_data,error,m98ee8df8f6f1f552a2b39d08,"Status: ['Complete', 'PartialData']. []"
us-east-1,get_metric_data,error,me06b2330cb0db4dd6ae2db58,"Status: ['Complete', 'PartialData']. []"
us-east-1,get_metric_data,error,m88e2ac4221f57e3be5e5c9a2,"Status: ['Complete', 'PartialData']. []"
us-east-1,get_metric_data,error,me8ac2f1d476f90605dda118b,"Status: ['Complete', 'PartialData']. []"
us-east-1,get_metric_data,error,m14afa4e4b7902b7fa67c14f0,"Status: ['Complete', 'PartialData']. []"
us-east-1,get_metric_data,error,m83c98f6fc8680ed18fca782b,"Status: ['Complete', 'PartialData']. []"
us-east-1,get_metric_data,error,mc321f2a2a216be858f6f53fd,"Status: ['Complete', 'PartialData']. []"
us-east-1,get_metric_data,error,m0f964c41083f271a50d7c3a2,"Status: ['Complete', 'PartialData']. []"
us-east-1,get_metric_data,error,mc9f244b4586a4a10375d0209,"Status: ['Complete', 'PartialData']. []"
us-east-1,get_metric_data,error,mfcaf56c6098ae0136d9c2fca,"Status: ['Complete', 'PartialData']. []"
us-east-1,get_metric_data,error,m197c41129b72f1e93bcfb6e0,"Status: ['Complete', 'PartialData']. []"
us-east-1,get_metric_data,error,madbb7ecec7819287d3246342,"Status: ['Complete', 'PartialData']. []"
us-east-1,get_metric_data,error,m379ff21c5ef5be40bd7b6554,"Status: ['Complete', 'PartialData']. []"
us-east-1,get_metric_data,error,me20358f80dda49a92cd54d48,"Status: ['Complete', 'PartialData']. []"
us-east-1,get_metric_data,error,mb9b9719ebeadcb3b6e0f4aef,"Status: ['Complete', 'PartialData']. []"
us-east-1,get_metric_data,error,m49e3c95c25a7704cd575e3a9,"Status: ['Complete', 'PartialData']. []"
us-east-1,get_metric_data,error,m81acef1aecc5d9d3283318c4,"Status: ['Complete', 'PartialData']. []"
us-east-1,get_metric_data,error,mb1762fe3836f19f6d22eeab5,"Status: ['Complete', 'PartialData']. []"
us-east-1,get_metric_data,error,m0c89b9598c755c91e83a965a,"Status: ['Complete', 'PartialData']. []"
us-east-1,get_metric_data,error,mf6de17c53d768afad82930af,"Status: ['Complete', 'PartialData']. []"
us-east-1,get_metric_data,error,m3eecfb3884511a3f5098d187,"Status: ['Complete', 'PartialData']. []"
us-east-1,get_metric_data,error,m5543ef340758a24fbf8005fd,"Status: ['Complete', 'PartialData']. []"
us-east-1,get_metric_data,error,mbd4088008542d969ca55baa7,"Status: ['Complete', 'PartialData']. []"
us-east-1,get_metric_data,error,ma6441a3d2a876372cd6304b9,"Status: ['Complete', 'PartialData']. []"
us-east-1,get_metric_data,error,mffa15a0afe1e5d653d632e7b,"Status: ['Complete', 'PartialData']. []"
us-east-1,get_metric_data,error,m79357bb038fc503460a115f5,"Status: ['Complete', 'PartialData']. []"
us-east-1,get_metric_data,error,me22c2719610aa70a3cf71b8d,"Status: ['Complete', 'PartialData']. []"
us-east-1,get_metric_data,error,md75fc5187d7e571bf4f439b4,"Status: ['Complete', 'PartialData']. []"
us-east-1,get_metric_data,error,me9fd7d2471ea6d66e03ddff1,"Status: ['Complete', 'PartialData']. []"
us-east-1,get_metric_data,error,m8f7eeb6396dcb93a5a81b247,"Status: ['Complete', 'PartialData']. []"
us-east-1,get_metric_data,error,m3f8924842e0f6d184ff0d6c6,"Status: ['Complete', 'PartialData']. []"
us-east-1,get_metric_data,error,m36d727a8ed9e43e2c4f55036,"Status: ['Complete', 'PartialData']. []"
us-east-1,get_metric_data,error,m1a74aaa5821faf6cfdde8d3f,"Status: ['Complete', 'PartialData']. []"
us-east-1,get_metric_data,error,m1910787e5c7f249a3f072c14,"Status: ['Complete', 'PartialData']. []"
us-east-1,get_metric_data,error,mf97a72072b281df286ef89f5,"Status: ['Complete', 'PartialData']. []"
us-east-1,get_metric_data,error,madf3df6d5e64c9d26bd09525,"Status: ['Complete', 'PartialData']. []"
us-east-1,get_metric_data,error,m2cd263813f7354d167c421cc,"Status: ['Complete', 'PartialData']. []"
us-east-1,get_metric_data,error,mf2288eb0ccf2479f040ac2b5,"Status: ['Complete', 'PartialData']. []"
us-east-1,get_metric_data,error,m145180a11b9fd26d48b4c68e,"Status: ['Complete', 'PartialData']. []"
us-east-1,get_metric_data,error,m34aeb67efa22a0c7c55f646f,"Status: ['Complete', 'PartialData']. []"
us-east-1,get_metric_data,error,mb482f7a6ac4f562b990165ec,"Status: ['Complete', 'PartialData']. []"
us-east-1,get_metric_data,error,mbf62906ee3bcf725c65424ad,"Status: ['Complete', 'PartialData']. []"
us-east-1,get_metric_data,error,mce56c10e0b51348d634f8512,"Status: ['Complete', 'PartialData']. []"
us-east-1,get_metric_data,error,m31339944c9bc85ecb2ec1fed,"Status: ['Complete', 'PartialData']. []"
us-east-1,get_metric_data,error,m1504fbbefb489fc974e084bf,"Status: ['Complete', 'PartialData']. []"
us-east-1,get_metric_data,error,m90aaecdaa564cd3743745cb9,"Status: ['Complete', 'PartialData']. []"
us-east-1,get_metric_data,error,m83a8769c41912e4d6887ae83,"Status: ['Complete', 'PartialData']. []"
us-east-1,get_metric_data,error,me9e2105738a34734ea5b63a1,"Status: ['Complete', 'PartialData']. []"
us-east-1,get_metric_data,error,mb976f19e4cb8c85620e9a43d,"Status: ['Complete', 'PartialData']. []"
us-east-1,get_metric_data,error,m065ac811b61fb0f1e47cb173,"Status: ['Complete', 'PartialData']. []"
us-east-1,get_metric_data,error,m9d6ac78873eccc1797f3cfd9,"Status: ['Complete', 'PartialData']. []"
us-east-1,get_metric_data,error,m2f8fd537ad03c73339ecd7ec,"Status: ['Complete', 'PartialData']. []"
us-east-1,get_metric_data,error,m63de1b9389b0ddf5a86b0d6d,"Status: ['Complete', 'PartialData']. []"
us-east-1,get_metric_data,error,m8636d30e842f3ac49a25e1ab,"Status: ['Complete', 'PartialData']. []"
us-east-1,get_metric_data,error,m6e6d2f6063b525760624831c,"Status: ['Complete', 'PartialData']. []"
us-east-1,get_metric_data,error,m792c34648f2c218697bf43ad,"Status: ['Complete', 'PartialData']. []"
us-east-1,get_metric_data,error,md23957d60c552462adcfce83,"Status: ['Complete', 'PartialData']. []"
us-east-1,get_metric_data,error,madfd68541fb363e3e7dcd89d,"Status: ['Complete', 'PartialData']. []"
us-east-1,get_metric_data,error,m88739f855989649c2b5b815f,"Status: ['Complete', 'PartialData']. []"
us-east-1,get_metric_data,error,m5b65509ca56eb09260d4dd5a,"Status: ['Complete', 'PartialData']. []"
us-east-1,get_metric_data,error,m87e8c8ea330b9bf5b5f9e237,"Status: ['Complete', 'PartialData']. []"
us-east-1,get_metric_data,error,m0e98615eefb94c8f4cd861cb,"Status: ['Complete', 'PartialData']. []"
us-east-1,get_metric_data,error,me833ff8c8a4cf2ff8dd065e5,"Status: ['Complete', 'PartialData']. []"
us-east-1,get_metric_data,error,m49407f1f271ba29dfb1ec38a,"Status: ['Complete', 'PartialData']. []"
us-east-1,get_metric_data,error,m3c68ddadec42535d2f589c09,"Status: ['Complete', 'PartialData']. []"
us-east-1,get_metric_data,error,m41e146b14123488e26374dc6,"Status: ['Complete', 'PartialData']. []"
us-east-1,get_metric_data,error,m2fd6e4872b5fbe2f105f9fae,"Status: ['Complete', 'PartialData']. []"
us-east-1,get_metric_data,error,m166ece194fe129fb87292ee8,"Status: ['Complete', 'PartialData']. []"
us-east-1,get_metric_data,error,m13115c6a29e26c15dc360127,"Status: ['Complete', 'PartialData']. []"
us-east-1,get_metric_data,error,m1cadd8f614efee41914bfe20,"Status: ['Complete', 'PartialData']. []"
us-east-1,get_metric_data,error,m56dee1785f0c93e4d7ea797d,"Status: ['Complete', 'PartialData']. []"
us-east-1,get_metric_data,error,m4150b94fe0e35a87606abfa3,"Status: ['Complete', 'PartialData']. []"
us-east-1,get_metric_data,error,m1ea0755b114d7bcec0c8c128,"Status: ['Complete', 'PartialData']. []"
us-east-1,get_metric_data,error,ma8723aa5083dc535711e417b,"Status: ['Complete', 'PartialData']. []"
us-east-1,get_metric_data,error,m1f2592a545cc8b11e21c3b4e,"Status: ['Complete', 'PartialData']. []"
us-east-1,get_metric_data,error,m125e9dfb9753d96512164e10,"Status: ['Complete', 'PartialData']. []"
us-east-1,get_metric_data,error,m91e097b709091d44bda0b1e8,"Status: ['Complete', 'PartialData']. []"
us-east-1,get_metric_data,error,m0916e4e1c998f64494d19ea3,"Status: ['Complete', 'PartialData']. []"
us-east-1,get_metric_data,error,mc1ffe2b02d039ed60d6462dd,"Status: ['Complete', 'PartialData']. []"
us-east-1,get_metric_data,error,md74cd8c9098237e2c6360cbc,"Status: ['Complete', 'PartialData']. []"
us-east-1,get_metric_data,error,m21f9e338a0aed1622492d351,"Status: ['Complete', 'PartialData']. []"
us-east-1,get_metric_data,error,m6d103a80ae55ac5352ec2a88,"Status: ['Complete', 'PartialData']. []"
us-east-1,get_metric_data,error,m94d976779331e6db7e5fb1fe,"Status: ['Complete', 'PartialData']. []"
us-east-1,get_metric_data,error,mc81b644eb7a6cbacf29ca5c5,"Status: ['Complete', 'PartialData']. []"
us-east-1,get_metric_data,error,m585fde247bf4e00e97ab718d,"Status: ['Complete', 'PartialData']. []"
us-east-1,get_metric_data,error,m6c7dbb0d1bf2d1b834b51f10,"Status: ['Complete', 'PartialData']. []"
us-east-1,get_metric_data,error,m382a481b392a5e3f0e4f6e40,"Status: ['Complete', 'PartialData']. []"
us-east-1,get_metric_data,error,m73601776cdf30aed0d964791,"Status: ['Complete', 'PartialData']. []"
us-east-1,get_metric_data,error,m9155b376b373cf5dacf0eb9a,"Status: ['Complete', 'PartialData']. []"
us-east-1,get_metric_data,error,m025f712634afe10080149378,"Status: ['Complete', 'PartialData']. []"
us-east-1,get_metric_data,error,m45487540ed3916d872f8165e,"Status: ['Complete', 'PartialData']. []"
us-east-1,get_metric_data,error,m64edc9f557bfebb130a5f289,"Status: ['Complete', 'PartialData']. []"
us-east-1,get_metric_data,error,m02a0dd059b315acc8dcb09a8,"Status: ['Complete', 'PartialData']. []"
us-east-1,get_metric_data,error,m456ce9e634bc4c285a96ca21,"Status: ['Complete', 'PartialData']. []"
us-east-1,get_metric_data,error,m0529deda115bfffbd48371c8,"Status: ['Complete', 'PartialData']. []"
us-east-1,get_metric_data,error,m6e0285e082663203c885de56,"Status: ['Complete', 'PartialData']. []"
us-east-1,get_metric_data,error,m16789f351173f4203f2698e9,"Status: ['Complete', 'PartialData']. []"
us-east-1,get_metric_data,error,m6a2f372082a5b3b02bf6e66b,"Status: ['Complete', 'PartialData']. []"
us-east-1,get_metric_data,error,m0b49a28837da34d06ae117d6,"Status: ['Complete', 'PartialData']. []"
us-east-1,get_metric_data,error,m94eccf423834d963904c91d0,"Status: ['Complete', 'PartialData']. []"
us-east-1,get_metric_data,error,m1b94f8d7b2c4072e33ef4ba2,"Status: ['Complete', 'PartialData']. []"
us-east-1,get_metric_data,error,m7ba2af93806b55404646cb8b,"Status: ['Complete', 'PartialData']. []"
us-east-1,get_metric_data,error,m6449e5d7c6859a8f3c90467d,"Status: ['Complete', 'PartialData']. []"
us-east-1,get_metric_data,error,mc2e95469ab161463ee12d436,"Status: ['Complete', 'PartialData']. []"
us-east-1,get_metric_data,error,me529fc2c567d7ac975a475c0,"Status: ['Complete', 'PartialData']. []"
us-east-1,get_metric_data,error,m975aeb2f293b4c3ec12973d7,"Status: ['Complete', 'PartialData']. []"
us-east-1,get_metric_data,error,m18116465996401521ae2abe6,"Status: ['Complete', 'PartialData']. []"
us-east-1,get_metric_data,error,me38f73f9a02efacdec04408e,"Status: ['Complete', 'PartialData']. []"
us-east-1,get_metric_data,error,m849a4d5df3b08269beb073d4,"Status: ['Complete', 'PartialData']. []"
us-east-1,get_metric_data,error,m3cf51439eb586ad85cf7feb3,"Status: ['Complete', 'PartialData']. []"
us-east-1,get_metric_data,error,madb28d1981649bcd9d5ebc0e,"Status: ['Complete', 'PartialData']. []"
us-east-1,get_metric_data,error,maa736e472e0cf9d4e57a8f2a,"Status: ['Complete', 'PartialData']. []"
us-east-1,get_metric_data,error,m0444e882139800d43a9afe47,"Status: ['Complete', 'PartialData']. []"
us-east-1,get_metric_data,error,m14e3f6253416bb2b31ba3e64,"Status: ['Complete', 'PartialData']. []"
us-east-1,get_metric_data,error,m9c2a01fce605f0232fd073fa,"Status: ['Complete', 'PartialData']. []"
us-east-1,get_metric_data,error,m180f48895d028d3bbf570758,"Status: ['Complete', 'PartialData']. []"
us-east-1,get_metric_data,error,m514de8790e557782b10727a3,"Status: ['Complete', 'PartialData']. []"
us-east-1,get_metric_data,error,m43b646a38c9366cac3544eef,"Status: ['Complete', 'PartialData']. []"
us-east-1,get_metric_data,error,m6e8d7fbd35530d660640215e,"Status: ['Complete', 'PartialData']. []"
us-east-1,get_metric_data,error,m0b263c8b5b8abe9241798600,"Status: ['Complete', 'PartialData']. []"
us-east-1,get_metric_data,error,m89651f827d061a9cf645ae0d,"Status: ['Complete', 'PartialData']. []"
us-east-1,get_metric_data,error,mdb8f8f657a9ca337cdd257ea,"Status: ['Complete', 'PartialData']. []"
us-east-1,get_metric_data,error,m06bcf7213d6521f7527883d6,"Status: ['Complete', 'PartialData']. []"
us-east-1,get_metric_data,error,m7fe6e6f441684d01f0c06fc8,"Status: ['Complete', 'PartialData']. []"
us-east-1,get_metric_data,error,mff6a0e428f0add0ae98af74d,"Status: ['Complete', 'PartialData']. []"
us-east-1,get_metric_data,error,m07d17ecc630c69a62fd766dd,"Status: ['Complete', 'PartialData']. []"
us-east-1,get_metric_data,error,m98de27edbe07c2685c738e4e,"Status: ['Complete', 'PartialData']. []"
us-east-1,get_metric_data,error,m5eb74aa9e4d4cb8235c41638,"Status: ['Complete', 'PartialData']. []"
us-east-1,get_metric_data,error,m52b1203f55545c6e9bd0ec7b,"Status: ['Complete', 'PartialData']. []"
us-east-1,get_metric_data,error,m6dd569ebb6c658d2f9d0f04b,"Status: ['Complete', 'PartialData']. []"
us-east-1,get_metric_data,error,m3d9504b0e14177cbfaf8c7ed,"Status: ['Complete', 'PartialData']. []"
us-east-1,get_metric_data,error,m0cad9288722e500cd453a6c4,"Status: ['Complete', 'PartialData']. []"
us-east-1,get_metric_data,error,m73edee244e4f0685394c7781,"Status: ['Complete', 'PartialData']. []"
us-east-1,get_metric_data,error,mabbf5c0c8a2155012b7269b0,"Status: ['Complete', 'PartialData']. []"
us-east-1,get_metric_data,error,maaced8f869ae060d4ca3f292,"Status: ['Complete', 'PartialData']. []"
us-east-1,get_metric_data,error,m52ba20f798a2807f14a0350c,"Status: ['Complete', 'PartialData']. []"
us-east-1,get_metric_data,error,m9843847567d8ce99e072f599,"Status: ['Complete', 'PartialData']. []"
us-east-1,get_metric_data,error,m1755ee0e6ba8144e55f1bed0,"Status: ['Complete', 'PartialData']. []"
us-east-1,get_metric_data,error,md32ab70f988ad0aa9143949d,"Status: ['Complete', 'PartialData']. []"
us-east-1,get_metric_data,error,m71e6ffae71b6e841fee13aca,"Status: ['Complete', 'PartialData']. []"
us-east-1,get_metric_data,error,m1a9267d3b9eea247772f86c4,"Status: ['Complete', 'PartialData']. []"
us-east-1,get_metric_data,error,mc1892dd6e968c9688698e03b,"Status: ['Complete', 'PartialData']. []"
us-east-1,get_metric_data,error,mda56286843047203305503ab,"Status: ['Complete', 'PartialData']. []"
us-east-1,get_metric_data,error,maaf0386ea2bb9732116efe97,"Status: ['Complete', 'PartialData']. []"
us-east-1,get_metric_data,error,mc6091e742dff95a7ed75967e,"Status: ['Complete', 'PartialData']. []"
us-east-1,get_metric_data,error,m054310f2fdf650cdac7925af,"Status: ['Complete', 'PartialData']. []"
us-east-1,get_metric_data,error,m54f45133f94464cee5f0aea6,"Status: ['Complete', 'PartialData']. []"
us-east-1,get_metric_data,error,mfc88f33527a4e207b220c3aa,"Status: ['Complete', 'PartialData']. []"
us-east-1,get_metric_data,error,mecb27fbf60ced34f0b943771,"Status: ['Complete', 'PartialData']. []"
us-east-1,get_metric_data,error,m95f5f2a23b65b8af909eecd9,"Status: ['Complete', 'PartialData']. []"
us-east-1,get_metric_data,error,med5cc5f43871d91955702314,"Status: ['Complete', 'PartialData']. []"
us-east-1,get_metric_data,error,mecf59f2354f9092497db3874,"Status: ['Complete', 'PartialData']. []"
us-east-1,get_metric_data,error,ma89f6aa045373b4991d900b3,"Status: ['Complete', 'PartialData']. []"
us-east-1,get_metric_data,error,m49745a563dca013eb1666b62,"Status: ['Complete', 'PartialData']. []"
us-east-1,get_metric_data,error,mce2c333d70673931dd33aab2,"Status: ['Complete', 'PartialData']. []"
us-east-1,get_metric_data,error,m9c95dcc38934ab278e71be96,"Status: ['Complete', 'PartialData']. []"
us-east-1,get_metric_data,error,m5a0f494b1aae9b9554ff4316,"Status: ['Complete', 'PartialData']. []"
us-east-1,get_metric_data,error,m99777e19bc9db493454305ee,"Status: ['Complete', 'PartialData']. []"
us-east-1,get_metric_data,error,mc9e1802a05f223209b2ec02a,"Status: ['Complete', 'PartialData']. []"
us-east-1,get_metric_data,error,m8140179a834bb59a3b91c1f8,"Status: ['Complete', 'PartialData']. []"
us-east-1,get_metric_data,error,m5d346d51c099e82cc4bf42b9,"Status: ['Complete', 'PartialData']. []"
us-east-1,get_metric_data,error,m6f3d6e5b9d5daaf7f8d3e2a7,"Status: ['Complete', 'PartialData']. []"
us-east-1,get_metric_data,error,md631c254c352c9dadc0faf61,"Status: ['Complete', 'PartialData']. []"
us-east-1,get_metric_data,error,mf1292598793e0670b55771e0,"Status: ['Complete', 'PartialData']. []"
us-east-1,get_metric_data,error,md1357cbcb67227dac64dea55,"Status: ['Complete', 'PartialData']. []"
us-east-1,get_metric_data,error,ma3d7561d51cf994f45e6f69e,"Status: ['Complete', 'PartialData']. []"
us-east-1,get_metric_data,error,m4b54d030883e0b2cdc067698,"Status: ['Complete', 'PartialData']. []"
us-east-1,get_metric_data,error,m139c5e61b0e8dba1ff087026,"Status: ['Complete', 'PartialData']. []"
us-east-1,get_metric_data,error,m38e0dc82c474b93004fceddf,"Status: ['Complete', 'PartialData']. []"
us-east-1,get_metric_data,error,m513a761893ddbc4049bd1ea9,"Status: ['Complete', 'PartialData']. []"
us-east-1,get_metric_data,error,mc0eff365cf576ec3a7078b1a,"Status: ['Complete', 'PartialData']. []"
us-east-1,get_metric_data,error,mfd5f4e047ecdc9d31c3bfbe6,"Status: ['Complete', 'PartialData']. []"
us-east-1,get_metric_data,error,m1535544c002e12bbf2d3fa20,"Status: ['Complete', 'PartialData']. []"
us-east-1,get_metric_data,error,m5aff5e3433ca66cb2b634e94,"Status: ['Complete', 'PartialData']. []"
us-east-1,get_metric_data,error,m6080635a3974822bf205e136,"Status: ['Complete', 'PartialData']. []"
us-east-1,get_metric_data,error,m256ad394761bff2c7602f1f0,"Status: ['Complete', 'PartialData']. []"
us-east-1,get_metric_data,error,m880f5d6360577d39c6859951,"Status: ['Complete', 'PartialData']. []"
us-east-1,get_metric_data,error,mb8202e8dcd46564f0f75fcc8,"Status: ['Complete', 'PartialData']. []"
us-east-1,get_metric_data,error,mecdfbcfba5cda556658bf162,"Status: ['Complete', 'PartialData']. []"
us-east-1,get_metric_data,error,m5d51eb026cd9614981fabed3,"Status: ['Complete', 'PartialData']. []"
us-east-1,get_metric_data,error,m39d08d529923548217eaaccc,"Status: ['Complete', 'PartialData']. []"
us-east-1,get_metric_data,error,m57e9e79d2b6da70d14250ce0,"Status: ['Complete', 'PartialData']. []"
us-east-1,get_metric_data,error,mea868ce2537c1d6a7727cc90,"Status: ['Complete', 'PartialData']. []"
us-east-1,get_metric_data,error,mb0e6597716895058b3a8652b,"Status: ['Complete', 'PartialData']. []"
us-east-1,get_metric_data,error,mc6de99b423b777cfe33998cb,"Status: ['Complete', 'PartialData']. []"
us-east-1,get_metric_data,error,me4cccbb92f4e54503dd63f1a,"Status: ['Complete', 'PartialData']. []"
us-east-1,get_metric_data,error,m1fe8e9780b81885e1899aed5,"Status: ['Complete', 'PartialData']. []"
us-east-1,get_metric_data,error,m48d3eb39f0ff8e8d537cbe64,"Status: ['Complete', 'PartialData']. []"
us-east-1,get_metric_data,error,m1e7741abcb37340319814577,"Status: ['Complete', 'PartialData']. []"
us-east-1,get_metric_data,error,mc825e28e35aee8364c1793a8,"Status: ['Complete', 'PartialData']. []"
us-east-1,get_metric_data,error,m11324ec344cba22b05bcb8da,"Status: ['Complete', 'PartialData']. []"
us-east-1,get_metric_data,error,m9e12e7b8509e5d3150e93a32,"Status: ['Complete', 'PartialData']. []"
us-east-1,get_metric_data,error,mf5f51c05cf0e71337fd7ee44,"Status: ['Complete', 'PartialData']. []"
us-east-1,get_metric_data,error,m7e339caf43dde8c56fa11c2a,"Status: ['Complete', 'PartialData']. []"
us-east-1,get_metric_data,error,mdca52699b7a99b5567ec1eca,"Status: ['Complete', 'PartialData']. []"
us-east-1,get_metric_data,error,mca94ccced5c75633ba23e785,"Status: ['Complete', 'PartialData']. []"
us-east-1,get_metric_data,error,m5d05a0df9dc689299db5be45,"Status: ['Complete', 'PartialData']. []"
us-east-1,get_metric_data,error,m7e03e5561bb83a81a0b0c838,"Status: ['Complete', 'PartialData']. []"
us-east-1,get_metric_data,error,m600af1031410dfcf61cb556c,"Status: ['Complete', 'PartialData']. []"
us-east-1,get_metric_data,error,mfae72d46f1f4c9d571305745,"Status: ['Complete', 'PartialData']. []"
us-east-1,get_metric_data,error,m800477340f6e41c7c7f44079,"Status: ['Complete', 'PartialData']. []"
us-east-1,get_metric_data,error,mb5413c2926b7f536738b882d,"Status: ['Complete', 'PartialData']. []"
us-east-1,get_metric_data,error,m834eaf0ee66e0b1c4af3f92a,"Status: ['Complete', 'PartialData']. []"
us-east-1,get_metric_data,error,mcd6a647d1c1d4821d11cb957,"Status: ['Complete', 'PartialData']. []"
us-east-1,get_metric_data,error,mbc4599da3811984b17ea5de3,"Status: ['Complete', 'PartialData']. []"
us-east-1,get_metric_data,error,mbc05c1bd29508b61f8f978f9,"Status: ['Complete', 'PartialData']. []"
us-east-1,get_metric_data,error,m4ab8231a932e1892cd334b6d,"Status: ['Complete', 'PartialData']. []"
us-east-1,get_metric_data,error,mf0e7b0c1133c999fcb5bc1dc,"Status: ['Complete', 'PartialData']. []"
us-east-1,get_metric_data,error,m465e727bb5b94cbeed9eaf0e,"Status: ['Complete', 'PartialData']. []"
us-east-1,get_metric_data,error,mfd62474c1f1db0f19b98c49a,"Status: ['Complete', 'PartialData']. []"
us-east-1,get_metric_data,error,m30399033c2e6e9a82f273f77,"Status: ['Complete', 'PartialData']. []"
us-east-1,get_metric_data,error,m5c57ebbcd47cb8c56bdd1424,"Status: ['Complete', 'PartialData']. []"
us-east-1,get_metric_data,error,maa6826e9d65d3c74d0326170,"Status: ['Complete', 'PartialData']. []"
us-east-1,get_metric_data,error,me8adfc1957faf2815691e3e5,"Status: ['Complete', 'PartialData']. []"
us-east-1,get_metric_data,error,m4b89127d0ae34702f0ef4390,"Status: ['Complete', 'PartialData']. []"
us-east-1,get_metric_data,error,m5d691c30cf5a206074806761,"Status: ['Complete', 'PartialData']. []"
us-east-1,get_metric_data,error,m52d768f2d66d270f6722ec32,"Status: ['Complete', 'PartialData']. []"
us-east-1,get_metric_data,error,m1925cd77d42281554ec8e428,"Status: ['Complete', 'PartialData']. []"
us-east-1,get_metric_data,error,m691902444c994dc4f41cfca5,"Status: ['Complete', 'PartialData']. []"
us-east-1,get_metric_data,error,mbed4ff0fa9ec7bd207b47603,"Status: ['Complete', 'PartialData']. []"
us-east-1,get_metric_data,error,m64d1c8f60cf6931f06e2b13e,"Status: ['Complete', 'PartialData']. []"
us-east-1,get_metric_data,error,m70bd32fff833735970ded766,"Status: ['Complete', 'PartialData']. []"
us-east-1,get_metric_data,error,ma717aafd72a5d8148b41deda,"Status: ['Complete', 'PartialData']. []"
us-east-1,get_metric_data,error,m8a945e565a8c55bf44f9442a,"Status: ['Complete', 'PartialData']. []"
us-east-1,get_metric_data,error,m7793df0f4c5732dee67aa0ca,"Status: ['Complete', 'PartialData']. []"
us-east-1,get_metric_data,error,mfa9030bdc4a615c65e8156b3,"Status: ['Complete', 'PartialData']. []"
us-east-1,get_metric_data,error,m8997059a3c348faa4243e1de,"Status: ['Complete', 'PartialData']. []"
us-east-1,get_metric_data,error,m1230773301cc1e46475b8bb2,"Status: ['Complete', 'PartialData']. []"
us-east-1,get_metric_data,error,m9251fcc8234164a6d67716a7,"Status: ['Complete', 'PartialData']. []"
us-east-1,get_metric_data,error,m1e82d5f1a754eb8362419cb6,"Status: ['Complete', 'PartialData']. []"
us-east-1,get_metric_data,error,md0f4ffd0c95a00156a14b55c,"Status: ['Complete', 'PartialData']. []"
us-east-1,get_metric_data,error,mbeef3df3394b406fcfa9536a,"Status: ['Complete', 'PartialData']. []"
us-east-1,get_metric_data,error,md3d5fb8bb1467cae63d2d9dc,"Status: ['Complete', 'PartialData']. []"
us-east-1,get_metric_data,error,m0f21186f9999c7116505a93a,"Status: ['Complete', 'PartialData']. []"
us-east-1,get_metric_data,error,m24b4b4b35e47b2714f8474ee,"Status: ['Complete', 'PartialData']. []"
us-east-1,get_metric_data,error,m931e890697317d92038e81bb,"Status: ['Complete', 'PartialData']. []"
us-east-1,get_metric_data,error,me3097e9a62959c42aa6a9908,"Status: ['Complete', 'PartialData']. []"
us-east-1,get_metric_data,error,m6198105ceab1748312bab5aa,"Status: ['Complete', 'PartialData']. []"
us-east-1,get_metric_data,error,mbf601900da4578ff3e0915a8,"Status: ['Complete', 'PartialData']. []"
us-east-1,get_metric_data,error,m44085007610d29b3e683708b,"Status: ['Complete', 'PartialData']. []"
us-east-1,get_metric_data,error,m469ed7bc26f475ca4b5e4367,"Status: ['Complete', 'PartialData']. []"
us-east-1,get_metric_data,error,me38f36b59a050d3d99f4bf95,"Status: ['Complete', 'PartialData']. []"
us-east-1,get_metric_data,error,md892b89672cac3620ee2b7e7,"Status: ['Complete', 'PartialData']. []"
us-east-1,get_metric_data,error,m9df7ed3f912803351e3a3738,"Status: ['Complete', 'PartialData']. []"
us-east-1,get_metric_data,error,me53f1c88922b8f528e6db94d,"Status: ['Complete', 'PartialData']. []"
us-east-1,get_metric_data,error,mae612f39a7c878a7d64fae72,"Status: ['Complete', 'PartialData']. []"
us-east-1,get_metric_data,error,m076c9dc075b7f1e9bd35b5a1,"Status: ['Complete', 'PartialData']. []"
us-east-1,get_metric_data,error,m3628db1e846f29e9b3b758dd,"Status: ['Complete', 'PartialData']. []"
us-east-1,get_metric_data,error,m566e5756c2e495d5f08a3a46,"Status: ['Complete', 'PartialData']. []"
us-east-1,get_metric_data,error,m2580edacaf0370d4a6dbda3b,"Status: ['Complete', 'PartialData']. []"
us-east-1,get_metric_data,error,m2df92819b328ed55841e9aaa,"Status: ['Complete', 'PartialData']. []"
us-east-1,get_metric_data,error,mdd3f538306d18c824b04158c,"Status: ['Complete', 'PartialData']. []"
us-east-1,get_metric_data,error,mb1462a3279270fd0da5d5e4e,"Status: ['Complete', 'PartialData']. []"
us-east-1,get_metric_data,error,m31844b2e2fa39264f73be5ea,"Status: ['Complete', 'PartialData']. []"
us-east-1,get_metric_data,error,m87deb46298dc6f7dd620f3e7,"Status: ['Complete', 'PartialData']. []"
us-east-1,get_metric_data,error,mdd5cf6727d7c899b89c857ee,"Status: ['Complete', 'PartialData']. []"
us-east-1,get_metric_data,error,mec2d1ce2df6122b4b5c1944b,"Status: ['Complete', 'PartialData']. []"
us-east-1,get_metric_data,error,m8584d75f0a13f1e276994b51,"Status: ['Complete', 'PartialData']. []"
us-east-1,get_metric_data,error,mdb73a0723b266848869df367,"Status: ['Complete', 'PartialData']. []"
us-east-1,get_metric_data,error,m85dfc3ec8efaab263e4319f3,"Status: ['Complete', 'PartialData']. []"
us-east-1,get_metric_data,error,mcdb89ef77d79aaf2d920ce43,"Status: ['Complete', 'PartialData']. []"
us-east-1,get_metric_data,error,mf51455fdc8ffbf2622be0e3f,"Status: ['Complete', 'PartialData']. []"
us-east-1,get_metric_data,error,ma711d66a7b925c434016d185,"Status: ['Complete', 'PartialData']. []"
us-east-1,get_metric_data,error,m1ff8860a29e9a9365385ad76,"Status: ['Complete', 'PartialData']. []"
us-east-1,get_metric_data,error,m35028d40fde4c56abf540134,"Status: ['Complete', 'PartialData']. []"
us-east-1,get_metric_data,error,m7afc0d47f39103bf6ab741d7,"Status: ['Complete', 'PartialData']. []"
us-east-1,get_metric_data,error,m8cddf891ee39fb810a5f1f01,"Status: ['Complete', 'PartialData']. []"
us-east-1,get_metric_data,error,ma4b9066a8a030bbcda4f9eff,"Status: ['Complete', 'PartialData']. []"
us-east-1,get_metric_data,error,m9403db8c8ee9b413076cfbaf,"Status: ['Complete', 'PartialData']. []"
us-east-1,get_metric_data,error,m276f29f0fd873870ef768135,"Status: ['Complete', 'PartialData']. []"
us-east-1,get_metric_data,error,m647b4a1753f6d019f07622b1,"Status: ['Complete', 'PartialData']. []"
us-east-1,get_metric_data,error,m380535a8dbdfa1b7e5e9324a,"Status: ['Complete', 'PartialData']. []"
us-east-1,get_metric_data,error,mcd46469103d5d6cb16a7ce35,"Status: ['Complete', 'PartialData']. []"
us-east-1,get_metric_data,error,m60c9fd890038a35abb54a73d,"Status: ['Complete', 'PartialData']. []"
us-east-1,get_metric_data,error,m42fb3e9fde0c82072ecb3475,"Status: ['Complete', 'PartialData']. []"
us-east-1,get_metric_data,error,m1f18dc74fcbd78598f0cc24e,"Status: ['Complete', 'PartialData']. []"
us-east-1,get_metric_data,error,m7dbf028291f414973c61c4fa,"Status: ['Complete', 'PartialData']. []"
us-east-1,get_metric_data,error,m682d8f7c0c74c9d0e97c0c50,"Status: ['Complete', 'PartialData']. []"
us-east-1,get_metric_data,error,me4cde8d977c0a8c5676d1790,"Status: ['Complete', 'PartialData']. []"
us-east-1,get_metric_data,error,m002f0dd1cdd070e6bcbbc717,"Status: ['Complete', 'PartialData']. []"
us-east-1,get_metric_data,error,me37be4a9dddf7c66a49b263f,"Status: ['Complete', 'PartialData']. []"
us-east-1,get_metric_data,error,m6c05c12d50d6840c417fb8f7,"Status: ['Complete', 'PartialData']. []"
us-east-1,get_metric_data,error,m80e5a0f137cc17692fdb4dd3,"Status: ['Complete', 'PartialData']. []"
us-east-1,get_metric_data,error,mc93363bb0e6a9f3adce2dc56,"Status: ['Complete', 'PartialData']. []"
us-east-1,get_metric_data,error,m2c94899b856dd6c129a47979,"Status: ['Complete', 'PartialData']. []"
us-east-1,get_metric_data,error,m8243ff45eb625fed5b162f52,"Status: ['Complete', 'PartialData']. []"
us-east-1,get_metric_data,error,m98ec92d8f6c5deb06753558c,"Status: ['Complete', 'PartialData']. []"
us-east-1,get_metric_data,error,m91f3b32ae52e45fee3243d0d,"Status: ['Complete', 'PartialData']. []"
us-east-1,get_metric_data,error,m90ba9e497ef222d554e5fbd9,"Status: ['Complete', 'PartialData']. []"
us-east-1,get_metric_data,error,m524c7bb1723eee6a842a4917,"Status: ['Complete', 'PartialData']. []"
us-east-1,get_metric_data,error,m2477c5adbce46334c75020a5,"Status: ['Complete', 'PartialData']. []"
us-east-1,get_metric_data,error,mbf7b12c4409c43e4988c1f7c,"Status: ['Complete', 'PartialData']. []"
us-east-1,get_metric_data,error,mefc32c3ed59d3f26b562c83e,"Status: ['Complete', 'PartialData']. []"
us-east-1,get_metric_data,error,md64b72077f345fb8ade2d76f,"Status: ['Complete', 'PartialData']. []"
us-east-1,get_metric_data,error,mbad76ca5b9b6a1b18bc632d7,"Status: ['Complete', 'PartialData']. []"
us-east-1,get_metric_data,error,mad97b60b1b5b8a09169fb1db,"Status: ['Complete', 'PartialData']. []"
us-east-1,get_metric_data,error,m830ed00c7135f2955142a0f2,"Status: ['Complete', 'PartialData']. []"
us-east-1,get_metric_data,error,m33f6c35dbb80d02a11d1e0c7,"Status: ['Complete', 'PartialData']. []"
us-east-1,get_metric_data,error,mfa7bbaf3bc9c038588481508,"Status: ['Complete', 'PartialData']. []"
us-east-1,get_metric_data,error,me2569e234d6cf0c4e3659707,"Status: ['Complete', 'PartialData']. []"
us-east-1,get_metric_data,error,m3f2212ca845722cc6d6b908f,"Status: ['Complete', 'PartialData']. []"
us-east-1,get_metric_data,error,mf945a2ac8c987e88c4ec706c,"Status: ['Complete', 'PartialData']. []"
us-east-1,get_metric_data,error,mcc03194a2b7613b483f6c89d,"Status: ['Complete', 'PartialData']. []"
us-east-1,get_metric_data,error,mc13e2bc30aca2bde87042dda,"Status: ['Complete', 'PartialData']. []"
us-east-1,get_metric_data,error,m2cd5837ce2eda67c44e005b5,"Status: ['Complete', 'PartialData']. []"
us-east-1,get_metric_data,error,mf5c64706085fb391a955febc,"Status: ['Complete', 'PartialData']. []"
us-east-1,get_metric_data,error,mf0f0c31ed5ec9e7d78f2b96b,"Status: ['Complete', 'PartialData']. []"
us-east-1,get_metric_data,error,m602db051d6c84d6164321f9c,"Status: ['Complete', 'PartialData']. []"
us-east-1,get_metric_data,error,mf2b62ca17bdc6b95481b7506,"Status: ['Complete', 'PartialData']. []"
us-east-1,get_metric_data,error,m38500ab5be31bb6d8ffb35b4,"Status: ['Complete', 'PartialData']. []"
us-east-1,get_metric_data,error,m696cbe5e7284c5720a1b6cc5,"Status: ['Complete', 'PartialData']. []"
us-east-1,get_metric_data,error,mf1dd47fbb8da81e13c80e311,"Status: ['Complete', 'PartialData']. []"
us-east-1,get_metric_data,error,m9825481bad6d19af3b179478,"Status: ['Complete', 'PartialData']. []"
us-east-1,get_metric_data,error,m193f5ab744baf0a959f501fe,"Status: ['Complete', 'PartialData']. []"
us-east-1,get_metric_data,error,mb99b49cb70727b229ad5574e,"Status: ['Complete', 'PartialData']. []"
us-east-1,get_metric_data,error,m619fda0374c56f176200000f,"Status: ['Complete', 'PartialData']. []"
us-east-1,get_metric_data,error,m4300925ef0162c68354df472,"Status: ['Complete', 'PartialData']. []"
us-east-1,get_metric_data,error,m5b945f0f587a9479e7d2ba4e,"Status: ['Complete', 'PartialData']. []"
us-east-1,get_metric_data,error,m39d69ca646ccd4fcacfe7046,"Status: ['Complete', 'PartialData']. []"
us-east-1,get_metric_data,error,mb6688afe4a5438e2c17654d7,"Status: ['Complete', 'PartialData']. []"
us-east-1,get_metric_data,error,m8f72e8184b0860986fa5f139,"Status: ['Complete', 'PartialData']. []"
us-east-1,get_metric_data,error,mb73539358045f28ef96afad8,"Status: ['Complete', 'PartialData']. []"
us-east-1,get_metric_data,error,m33e1b6e62e2fb3804f63d210,"Status: ['Complete', 'PartialData']. []"
us-east-1,get_metric_data,error,m481fa8a41ba56811b7c95be3,"Status: ['Complete', 'PartialData']. []"
us-east-1,get_metric_data,error,mfa8218b56928c0a12753deeb,"Status: ['Complete', 'PartialData']. []"
us-east-1,get_metric_data,error,m565265655dd93c23a63f8904,"Status: ['Complete', 'PartialData']. []"
us-east-1,get_metric_data,error,m68c08a1227b896bdce7b20cd,"Status: ['Complete', 'PartialData']. []"
us-east-1,get_metric_data,error,m3f117d392adfec32478afc58,"Status: ['Complete', 'PartialData']. []"
us-east-1,get_metric_data,error,m623d17771454ba846e386b26,"Status: ['Complete', 'PartialData']. []"
us-east-1,get_metric_data,error,mfdf849b7121f3bcc58b74a55,"Status: ['Complete', 'PartialData']. []"
us-east-1,get_metric_data,error,md05cb7c4355c867213af21fe,"Status: ['Complete', 'PartialData']. []"
us-east-1,get_metric_data,error,m6d3a3ba594d3485a1ab066e7,"Status: ['Complete', 'PartialData']. []"
us-east-1,get_metric_data,error,m41a09fcb1bde57b04d50fa47,"Status: ['Complete', 'PartialData']. []"
us-east-1,get_metric_data,error,mbf7d0e5c5cebb16e7d7027dc,"Status: ['Complete', 'PartialData']. []"
us-east-1,get_metric_data,error,mea9adeea30eee1bb125d50ee,"Status: ['Complete', 'PartialData']. []"
us-east-1,get_metric_data,error,m953f69250c7ba5eebe8b7b9d,"Status: ['Complete', 'PartialData']. []"
us-east-1,get_metric_data,error,m8315954fd0c106c0ba85ac00,"Status: ['Complete', 'PartialData']. []"
us-east-1,get_metric_data,error,mf29851565caa41754defb7b4,"Status: ['Complete', 'PartialData']. []"
us-east-1,get_metric_data,error,md796d131c43d978c46b0a6fa,"Status: ['Complete', 'PartialData']. []"
us-east-1,get_metric_data,error,mcc59737654b5facf57e28faf,"Status: ['Complete', 'PartialData']. []"
us-east-1,get_metric_data,error,m8136feadf896b7cbe7ff6542,"Status: ['Complete', 'PartialData']. []"
us-east-1,get_metric_data,error,mdde53cbe3e8fe06522b21488,"Status: ['Complete', 'PartialData']. []"
us-east-1,get_metric_data,error,m047e79e8acbfb352d5649476,"Status: ['Complete', 'PartialData']. []"
us-east-1,get_metric_data,error,m2b40896c17584be0616851f4,"Status: ['Complete', 'PartialData']. []"
us-east-1,get_metric_data,error,m5d8b8807ff15e143d7d6abc3,"Status: ['Complete', 'PartialData']. []"
us-east-1,get_metric_data,error,mbc39fa83211db48b07e09475,"Status: ['Complete', 'PartialData']. []"
us-east-1,get_metric_data,error,m8e4470d654c77f724484bc40,"Status: ['Complete', 'PartialData']. []"
us-east-1,get_metric_data,error,m15444859e20a62da0152b81d,"Status: ['Complete', 'PartialData']. []"
us-east-1,get_metric_data,error,m56509295a7c7f2b786306de5,"Status: ['Complete', 'PartialData']. []"
us-east-1,get_metric_data,error,mafef5a1df75a0da73bbd7279,"Status: ['Complete', 'PartialData']. []"
us-east-1,get_metric_data,error,m034c15f03d3061a7563206fc,"Status: ['Complete', 'PartialData']. []"
us-east-1,get_metric_data,error,m1922bf108fded0bdaf4d3711,"Status: ['Complete', 'PartialData']. []"
us-east-1,get_metric_data,error,mc8b0d0d3418eaabbf78268a4,"Status: ['Complete', 'PartialData']. []"
us-east-1,get_metric_data,error,mc9d628697f03fd7a49b29e92,"Status: ['Complete', 'PartialData']. []"
us-east-1,get_metric_data,error,m51cd48446cf87d2d932cea68,"Status: ['Complete', 'PartialData']. []"
us-east-1,get_metric_data,error,m5221bcb37437a3501165770b,"Status: ['Complete', 'PartialData']. []"
us-east-1,get_metric_data,error,meb4b3942b10c359e43780fa9,"Status: ['Complete', 'PartialData']. []"
us-east-1,get_metric_data,error,m4725792b90d84115c43cba3d,"Status: ['Complete', 'PartialData']. []"
us-east-1,get_metric_data,error,mc931fc7c78d00b8550a31da3,"Status: ['Complete', 'PartialData']. []"
us-east-1,get_metric_data,error,mbf9c5c0bcec3ce825922540c,"Status: ['Complete', 'PartialData']. []"
us-east-1,get_metric_data,error,md64ae27225e8a0ae744bb644,"Status: ['Complete', 'PartialData']. []"
us-east-1,get_metric_data,error,m772c6bd6cc3464522062121e,"Status: ['Complete', 'PartialData']. []"
us-east-1,get_metric_data,error,md144f0b72d7a6741a80ce8db,"Status: ['Complete', 'PartialData']. []"
us-east-1,get_metric_data,error,m32316dc89977e7e626397564,"Status: ['Complete', 'PartialData']. []"
us-east-1,get_metric_data,error,mcfcc0c0d690dd88436d63abc,"Status: ['Complete', 'PartialData']. []"
us-east-1,get_metric_data,error,m7e2b717f9e3b2b90ecf1ea1f,"Status: ['Complete', 'PartialData']. []"
us-east-1,get_metric_data,error,medf97aea1453c78da854854f,"Status: ['Complete', 'PartialData']. []"
us-east-1,get_metric_data,error,m7417c866d730157b74e3ad4f,"Status: ['Complete', 'PartialData']. []"
us-east-1,get_metric_data,error,m3bd7b7869cd2a25e4b33a30a,"Status: ['Complete', 'PartialData']. []"
us-east-1,get_metric_data,error,m098a46e72ca10d7bd4687b8e,"Status: ['Complete', 'PartialData']. []"
us-east-1,get_metric_data,error,m672b2d705e7e252694297e02,"Status: ['Complete', 'PartialData']. []"
us-east-1,get_metric_data,error,m51de12c1f3f713ba579f6425,"Status: ['Complete', 'PartialData']. []"
us-east-1,get_metric_data,error,m63ef7057499b9bca38f82696,"Status: ['Complete', 'PartialData']. []"
us-east-1,get_metric_data,error,mdd6f84b168b7a18f06ebe2f7,"Status: ['Complete', 'PartialData']. []"
us-east-1,get_metric_data,error,m6a35b9fbb8e0a764f9e937c5,"Status: ['Complete', 'PartialData']. []"
us-east-1,get_metric_data,error,m7d9bf788e15ddff22d9f9b35,"Status: ['Complete', 'PartialData']. []"
us-east-1,get_metric_data,error,m7786e2bb387055dd9230e8ed,"Status: ['Complete', 'PartialData']. []"
us-east-1,get_metric_data,error,m723b0a03029790c0e7a646e2,"Status: ['Complete', 'PartialData']. []"
us-east-1,get_metric_data,error,mfab833d6ed04f50d7ca20b68,"Status: ['Complete', 'PartialData']. []"
us-east-1,get_metric_data,error,m531784007e1a52c7a917f111,"Status: ['Complete', 'PartialData']. []"
us-east-1,get_metric_data,error,m0e5a1a13cf032fcb79ed88c6,"Status: ['Complete', 'PartialData']. []"
us-east-1,get_metric_data,error,m41689fe87ddeb1856228f587,"Status: ['Complete', 'PartialData']. []"
us-east-1,get_metric_data,error,maae62983e52fa313845bcab6,"Status: ['Complete', 'PartialData']. []"
us-east-1,get_metric_data,error,m794d885bc4870ee22d8d2ade,"Status: ['Complete', 'PartialData']. []"
us-east-1,get_metric_data,error,m69c6114e156ac3ef19c07299,"Status: ['Complete', 'PartialData']. []"
us-east-1,get_metric_data,error,mc3cef21a1f5b6bdd2fbdea12,"Status: ['Complete', 'PartialData']. []"
us-east-1,get_metric_data,error,m2056587bf1588d5f6c67dd6e,"Status: ['Complete', 'PartialData']. []"
us-east-1,get_metric_data,error,mf916af220eef91f47036efc5,"Status: ['Complete', 'PartialData']. []"
us-east-1,get_metric_data,error,m9e2362576fa8696a41a96c66,"Status: ['Complete', 'PartialData']. []"
us-east-1,get_metric_data,error,mf9c559e4bf2c77b646f33e5f,"Status: ['Complete', 'PartialData']. []"
us-east-1,get_metric_data,error,m150cca6f65b5941da2bdc164,"Status: ['Complete', 'PartialData']. []"
us-east-1,get_metric_data,error,mb81d788d741dc4a8e0d8c6be,"Status: ['Complete', 'PartialData']. []"
us-east-1,get_metric_data,error,m63cf2ad8db389bc31c38a7f3,"Status: ['Complete', 'PartialData']. []"
us-east-1,get_metric_data,error,md4dc73c3a3e3fae31199a6d5,"Status: ['Complete', 'PartialData']. []"
us-east-1,get_metric_data,error,mb5410cf5d6546cc2f183f9cf,"Status: ['Complete', 'PartialData']. []"
us-east-1,get_metric_data,error,m1c84941d4353909b3905dc6c,"Status: ['Complete', 'PartialData']. []"
us-east-1,get_metric_data,error,md087bf3169c17a0d7c53c11e,"Status: ['Complete', 'PartialData']. []"
us-east-1,get_metric_data,error,mbfcc84b1afbc89b9cb5f5939,"Status: ['Complete', 'PartialData']. []"
us-east-1,get_metric_data,error,mae6a7fb563fba73b93ef82cd,"Status: ['Complete', 'PartialData']. []"
us-east-1,get_metric_data,error,mbffccd10d8f5f17723dc8d1e,"Status: ['Complete', 'PartialData']. []"
us-east-1,get_metric_data,error,m25ee513e677f5b59707ceff4,"Status: ['Complete', 'PartialData']. []"
us-east-1,get_metric_data,error,m4af6a3a747508de93d27d0fd,"Status: ['Complete', 'PartialData']. []"
us-east-1,get_metric_data,error,mdc4da5bbc8f82cec6a23086e,"Status: ['Complete', 'PartialData']. []"
us-east-1,get_metric_data,error,m934e2340e34f4cab4d79e945,"Status: ['Complete', 'PartialData']. []"
us-east-1,get_metric_data,error,m6d4283a9c85b8975b538811f,"Status: ['Complete', 'PartialData']. []"
us-east-1,get_metric_data,error,md58c0113804e4419a25a056a,"Status: ['Complete', 'PartialData']. []"
us-east-1,get_metric_data,error,m5451e800f9c14d535fdd757c,"Status: ['Complete', 'PartialData']. []"
us-east-1,get_metric_data,error,m39b1428e8905c6a96e542295,"Status: ['Complete', 'PartialData']. []"
us-east-1,get_metric_data,error,mbafd781938b76d00d6d013fb,"Status: ['Complete', 'PartialData']. []"
us-east-1,get_metric_data,error,m6fb4243a9b9c4879d11ee684,"Status: ['Complete', 'PartialData']. []"
us-east-1,get_metric_data,error,m96a4c17f1f2987d8508b7293,"Status: ['Complete', 'PartialData']. []"
us-east-1,get_metric_data,error,m4e50f7dfb8aa27d5261af5c6,"Status: ['Complete', 'PartialData']. []"
us-east-1,get_metric_data,error,m4928ae195ae119fc6b3123d0,"Status: ['Complete', 'PartialData']. []"
us-east-1,get_metric_data,error,m0072a104d3990d2f27e19902,"Status: ['Complete', 'PartialData']. []"
us-east-1,get_metric_data,error,m1366ac4634b78882182fed26,"Status: ['Complete', 'PartialData']. []"
us-east-1,get_metric_data,error,ma488ec86a560a80b8e684853,"Status: ['Complete', 'PartialData']. []"
us-east-1,get_metric_data,error,me32e37b14d2ea4729cc96128,"Status: ['Complete', 'PartialData']. []"
us-east-1,get_metric_data,error,mfb9182c269b25ababb3dbebf,"Status: ['Complete', 'PartialData']. []"
us-east-1,get_metric_data,error,m16dbd8f346eed82bd3020afe,"Status: ['Complete', 'PartialData']. []"
us-east-1,get_metric_data,error,m0cfcc25e319a0deaec20ae8d,"Status: ['Complete', 'PartialData']. []"
us-east-1,get_metric_data,error,m4da93c3f0839fea51ad53f49,"Status: ['Complete', 'PartialData']. []"
us-east-1,get_metric_data,error,mb748da591f353f501192b38c,"Status: ['Complete', 'PartialData']. []"
us-east-1,get_metric_data,error,me559fcfe82f00e6aa3b306b9,"Status: ['Complete', 'PartialData']. []"
us-east-1,get_metric_data,error,m9f460d9bee29cdd1b8134c4d,"Status: ['Complete', 'PartialData']. []"
us-east-1,get_metric_data,error,m353c797f97abfcc3bd49eabf,"Status: ['Complete', 'PartialData']. []"
us-east-1,get_metric_data,error,m4a2ffe0d837650b18169bdff,"Status: ['Complete', 'PartialData']. []"
us-east-1,get_metric_data,error,mcd98f7277834a67f42dcdeda,"Status: ['Complete', 'PartialData']. []"
us-east-1,get_metric_data,error,m396760332eff620070e56430,"Status: ['Complete', 'PartialData']. []"
us-east-1,get_metric_data,error,m4536b8092d485c4185c76164,"Status: ['Complete', 'PartialData']. []"
us-east-1,get_metric_data,error,m64e416845690ddc9fc99a36c,"Status: ['Complete', 'PartialData']. []"
us-east-1,get_metric_data,error,mc0832aee3ca3f6f3314480ab,"Status: ['Complete', 'PartialData']. []"
us-east-1,get_metric_data,error,m0ca6bf6281ee8df5d3c85572,"Status: ['Complete', 'PartialData']. []"
us-east-1,get_metric_data,error,m85a26b74c3ef29b076629de0,"Status: ['Complete', 'PartialData']. []"
us-east-1,get_metric_data,error,m7e3c3255f0996a5aaec56e46,"Status: ['Complete', 'PartialData']. []"
us-east-1,get_metric_data,error,maa8a661574c18b1aa8eb82a6,"Status: ['Complete', 'PartialData']. []"
us-east-1,get_metric_data,error,m9d6722d4745540d3d01bdab8,"Status: ['Complete', 'PartialData']. []"
us-east-1,get_metric_data,error,mcc460d75e9034f032979689c,"Status: ['Complete', 'PartialData']. []"
us-east-1,get_metric_data,error,mab4af62364bcb444dbc17327,"Status: ['Complete', 'PartialData']. []"
us-east-1,get_metric_data,error,mdbf0f545943535bc3f0e0f97,"Status: ['Complete', 'PartialData']. []"
us-east-1,get_metric_data,error,m3e861f5bf0d74445a346db66,"Status: ['Complete', 'PartialData']. []"
us-east-1,get_metric_data,error,m7b42c59ece7922d57d51428d,"Status: ['Complete', 'PartialData']. []"
us-east-1,get_metric_data,error,me83f220d3baaf5a4b4083492,"Status: ['Complete', 'PartialData']. []"
us-east-1,get_metric_data,error,mff77208c40e1f9676d00789a,"Status: ['Complete', 'PartialData']. []"
us-east-1,get_metric_data,error,m5328a10bbf4c63bb7f762a1d,"Status: ['Complete', 'PartialData']. []"
us-east-1,get_metric_data,error,me252e256837ed55011550dbe,"Status: ['Complete', 'PartialData']. []"
us-east-1,get_metric_data,error,m8fea9aba7c309b7e0e8fa46f,"Status: ['Complete', 'PartialData']. []"
us-east-1,get_metric_data,error,mcc6ee99e76793c85d1991e37,"Status: ['Complete', 'PartialData']. []"
us-east-1,get_metric_data,error,m87fc727e9a01f324dae38d20,"Status: ['Complete', 'PartialData']. []"
us-east-1,get_metric_data,error,m76678f6c3e0fdc6c85cd9f51,"Status: ['Complete', 'PartialData']. []"
us-east-1,get_metric_data,error,m7d4849f846b61f51e0a64b2b,"Status: ['Complete', 'PartialData']. []"
us-east-1,get_metric_data,error,me2ce584b137b692839687456,"Status: ['Complete', 'PartialData']. []"
us-east-1,get_metric_data,error,mfd1150a43104e73173ff032b,"Status: ['Complete', 'PartialData']. []"
us-east-1,get_metric_data,error,mba7882ef821af110d8c1f33d,"Status: ['Complete', 'PartialData']. []"
us-east-1,get_metric_data,error,m04b3894a6e85443fdc67896b,"Status: ['Complete', 'PartialData']. []"
us-east-1,get_metric_data,error,m8cc9511f67adef185481e422,"Status: ['Complete', 'PartialData']. []"
us-east-1,get_metric_data,error,m81a1ceada3d34767e8f2eb1c,"Status: ['Complete', 'PartialData']. []"
us-east-1,get_metric_data,error,m4253215ecb8eda59e23a0996,"Status: ['Complete', 'PartialData']. []"
us-east-1,get_metric_data,error,m58a64b8008d23aaf3bdfd11a,"Status: ['Complete', 'PartialData']. []"
us-east-1,get_metric_data,error,mdecf3ba106a75aab1a0555a8,"Status: ['Complete', 'PartialData']. []"
us-east-1,get_metric_data,error,me775ebe765ca4be82fb55517,"Status: ['Complete', 'PartialData']. []"
us-east-1,get_metric_data,error,md2acccf083601eebdd0ec5a8,"Status: ['Complete', 'PartialData']. []"
us-east-1,get_metric_data,error,mb2c43ca5c12219a3a8f4a672,"Status: ['Complete', 'PartialData']. []"
us-east-1,get_metric_data,error,mc480180b3e5110052fb0192b,"Status: ['Complete', 'PartialData']. []"
us-east-1,get_metric_data,error,m4d8959043cafff7da676d1c9,"Status: ['Complete', 'PartialData']. []"
